Workbook

Sheet df_arabica_clean
A1: Column1 | B1: ID | C1: Country of Origin | D1: Farm Name | E1: Lot Number | F1: Mill | G1: Company | H1: Altitude | I1: Altitud_Limpia | J1: Columna1 | K1: Region | L1: Producer | M1: Number of Bags | N1: Bag Weight | O1: In-Country Partner | P1: Harvest Year | Q1: Grading Date | R1: Owner | S1: Variety | T1: Status | U1: Processing Method | V1: Aroma | W1: Flavor | X1: Aftertaste | Y1: Acidity | Z1: Body | AA1: Balance | AB1: Uniformity | AC1: Clean Cup | AD1: Sweetness | AE1: Overall | AF1: Total Cup Points | AG1: Moisture Percentage | AH1: Category One Defects | AI1: Quakers | AJ1: Color | AK1: Category Two Defects | AL1: Expiration | AM1: Certification Body | AN1: Certification Address | AO1: Certification Contact | AP1: Promedio_TotalCup | AQ1: Muestras
A2: 182 | B2: 182 | C2: Vietnam | D2: Gaia Farms | E2: 221221 | F2: Hulling Facility | G2: Brew Baby Coffee Company | H2: 5400 | I2: =IF(df_arabica_clean[[#This Row],[Altitude]] <= 2500, df_arabica_clean[[#This Row],[Altitude]], ROUND(df_arabica_clean[[#This Row],[Altitude]] / 3.281, 0)) -> 1646 | J2: =IF(df_arabica_clean[[#This Row],[Altitude]]>2500,"Convertido","Original") -> Convertido | K2: Lam Dong Province | L2: Viet Coffee Company Limited | M2: 1 | N2: 1 kg | O2: Firedancer Coffee Consultants | P2: 2022 / 2023 | Q2: April 10th, 2023 | R2: Rodney Murray | S2: Catimor | T2: Completed | U2: Pulped natural / honey | V2: 7.5 | W2: 7.5 | X2: 7.25 | Y2: 7.42 | Z2: 7.42 | AA2: 7.42 | AB2: 10 | AC2: 10 | AD2: 10 | AE2: 7.33 | AF2: 81.83 | AG2: 11.2 | AH2: 0 | AI2: 0 | AJ2: green | AK2: 4 | AL2: April 9th, 2024 | AM2: Firedancer Coffee Consultants | AN2: 165 Commerce Drive, Ste 103 | AO2: Firedancer Coffee Consultants - | AP2: =AVERAGEIF(df_arabica_clean[Country of Origin],df_arabica_clean[[#This Row],[Country of Origin]],df_arabica_clean[Total Cup Points]) -> 82.8925 | AQ2: =+COUNTIF(df_arabica_clean[Country of Origin],df_arabica_clean[[#This Row],[Country of Origin]]) -> 4
A3: 60 | B3: 60 | C3: Guatemala | D3: SAN RAFAEL URIAS VALDES | E3: 11/54876/03 | F3: ECO COFFEE | G3: VALBROS, S. A. | H3: 4895 | I3: =IF(df_arabica_clean[[#This Row],[Altitude]] <= 2500, df_arabica_clean[[#This Row],[Altitude]], ROUND(df_arabica_clean[[#This Row],[Altitude]] / 3.281, 0)) -> 1492 | J3: =IF(df_arabica_clean[[#This Row],[Altitude]]>2500,"Convertido","Original") -> Convertido | K3: ANTIGUA GUATEMALA | L3: VALBROS, S. A. | M3: 66 | N3: 30 kg | O3: Asociacion Nacional Del Café | P3: 2021 / 2022 | Q3: May 19th, 2022 | R3: Angelica Paola Citan Lopez | S3: Bourbon | T3: Completed | U3: Natural / Dry | V3: 7.83 | W3: 8 | X3: 7.67 | Y3: 7.83 | Z3: 7.75 | AA3: 7.75 | AB3: 10 | AC3: 10 | AD3: 10 | AE3: 7.83 | AF3: 84.67 | AG3: 10.9 | AH3: 0 | AI3: 3 | AJ3: yellow-green | AK3: 2 | AL3: May 19th, 2023 | AM3: Asociacion Nacional Del Café | AN3: 5a Calle 0-50, Zona 14 Guatemala City, Guatemala 1014 | AO3: Brayan Cifuentes - | AP3: =AVERAGEIF(df_arabica_clean[Country of Origin],df_arabica_clean[[#This Row],[Country of Origin]],df_arabica_clean[Total Cup Points]) -> 84.301429 | AQ3: =+COUNTIF(df_arabica_clean[Country of Origin],df_arabica_clean[[#This Row],[Country of Origin]]) -> 21
A4: 205 | B4: 205 | C4: El Salvador | D4: Rosario de Maria II, Area de La Pila | E4: 0423A01 | F4: Optimum Coffee, San Salvador, El Salvador | G4: Aprentium Enterprises LLC | H4: 1200 | I4: =IF(df_arabica_clean[[#This Row],[Altitude]] <= 2500, df_arabica_clean[[#This Row],[Altitude]], ROUND(df_arabica_clean[[#This Row],[Altitude]] / 3.281, 0)) -> 1200 | J4: =IF(df_arabica_clean[[#This Row],[Altitude]]>2500,"Convertido","Original") -> Original | K4: Volcan de San Vicente, La Paz, El Salvador | L4: Roselia Yglesias | M4: 1 | N4: 2 kg | O4: Salvadoran Coffee Council | P4: 2023 | Q4: March 8th, 2023 | R4: Roselia Yglesias | S4: Maragogype | T4: Completed | U4: Natural / Dry | V4: 6.5 | W4: 6.75 | X4: 6.75 | Y4: 7.17 | Z4: 7.08 | AA4: 7 | AB4: 10 | AC4: 10 | AD4: 10 | AE4: 6.83 | AF4: 78.08 | AG4: 11 | AH4: 0 | AI4: 12 | AJ4: bluish-green | AK4: 13 | AL4: March 7th, 2024 | AM4: Salvadoran Coffee Council | AN4: Final 1a. Av. Norte y 13 Calle Pte., dentro de las instalaciones del MAG | AO4: Tomas Bonilla - (503) 2505-6600 | AP4: =AVERAGEIF(df_arabica_clean[Country of Origin],df_arabica_clean[[#This Row],[Country of Origin]],df_arabica_clean[Total Cup Points]) -> 81.532857 | AQ4: =+COUNTIF(df_arabica_clean[Country of Origin],df_arabica_clean[[#This Row],[Country of Origin]]) -> 7
A5: 166 | B5: 166 | C5: El Salvador | D5: Agua Caliente | E5: 1-74 | F5: Agua Caliente | G5: Consejo Salvadoreño del Café | H5: 1200 | I5: =IF(df_arabica_clean[[#This Row],[Altitude]] <= 2500, df_arabica_clean[[#This Row],[Altitude]], ROUND(df_arabica_clean[[#This Row],[Altitude]] / 3.281, 0)) -> 1200 | J5: =IF(df_arabica_clean[[#This Row],[Altitude]]>2500,"Convertido","Original") -> Original | K5: Apaneca - Ilamatepec | L5: J.J. Borja Nathan, S.A. | M5: 275 | N5: 69 kg | O5: Salvadoran Coffee Council | P5: 2021 / 2022 | Q5: July 7th, 2022 | R5: Consejo Salvadoreño del Café | S5: Bourbon | T5: Completed | U5: Washed / Wet | V5: 7.33 | W5: 7.67 | X5: 7.25 | Y5: 7.67 | Z5: 7.83 | AA5: 7.42 | AB5: 10 | AC5: 10 | AD5: 10 | AE5: 7.17 | AF5: 82.33 | AG5: 11.8 | AH5: 0 | AI5: 0 | AJ5: bluish-green | AK5: 0 | AL5: July 7th, 2023 | AM5: Salvadoran Coffee Council | AN5: Final 1a. Av. Norte y 13 Calle Pte., dentro de las instalaciones del MAG | AO5: Tomas Bonilla - (503) 2505-6600 | AP5: =AVERAGEIF(df_arabica_clean[Country of Origin],df_arabica_clean[[#This Row],[Country of Origin]],df_arabica_clean[Total Cup Points]) -> 81.532857 | AQ5: =+COUNTIF(df_arabica_clean[Country of Origin],df_arabica_clean[[#This Row],[Country of Origin]]) -> 7
A6: 76 | B6: 76 | C6: Ethiopia | D6: Bisrat Melaku Washing Station | E6: 0065 | F6: Washing Station | G6: Tadesse Desta import export | H6: 2361 | I6: =IF(df_arabica_clean[[#This Row],[Altitude]] <= 2500, df_arabica_clean[[#This Row],[Altitude]], ROUND(df_arabica_clean[[#This Row],[Altitude]] / 3.281, 0)) -> 2361 | J6: =IF(df_arabica_clean[[#This Row],[Altitude]]>2500,"Convertido","Original") -> Original | K6: Addis Ababa | L6: Bisrat Melaku | M6: 320 | N6: 60 kg | O6: METAD Agricultural Development plc | P6: 2021 / 2022 | Q6: September 19th, 2022 | R6: Tadesse Desta | S6: Ethiopian Heirlooms | T6: Completed | U6: Natural / Dry | V6: 7.83 | W6: 7.75 | X6: 7.58 | Y6: 7.92 | Z6: 8 | AA6: 7.5 | AB6: 10 | AC6: 10 | AD6: 10 | AE6: 7.75 | AF6: 84.33 | AG6: 11 | AH6: 0 | AI6: 5 | AJ6: yellow green | AK6: 4 | AL6: September 19th, 2023 | AM6: METAD Agricultural Development plc | AN6: BAWA Center, 3rd Floor (Gerji), Addis Ababa, Ethiopia | AO6: Aman Adinew (Emebet Dinku) - +251-116-292534, +251-911-519196 | AP6: =AVERAGEIF(df_arabica_clean[Country of Origin],df_arabica_clean[[#This Row],[Country of Origin]],df_arabica_clean[Total Cup Points]) -> 84.960909 | AQ6: =+COUNTIF(df_arabica_clean[Country of Origin],df_arabica_clean[[#This Row],[Country of Origin]]) -> 11
A7: 34 | B7: 34 | C7: Ethiopia | D7: Uraga Bisrat washing station | E7: 0065 | F7: dry mill | G7: TADESSE DESTA IMPORT & EXPORT | H7: 2150 | I7: =IF(df_arabica_clean[[#This Row],[Altitude]] <= 2500, df_arabica_clean[[#This Row],[Altitude]], ROUND(df_arabica_clean[[#This Row],[Altitude]] / 3.281, 0)) -> 2150 | J7: =IF(df_arabica_clean[[#This Row],[Altitude]]>2500,"Convertido","Original") -> Original | K7: Southern Ethiopia Guji | L7: Bisrat Melaku | M7: 320 | N7: 60 kg | O7: METAD Agricultural Development plc | P7: 2021 / 2022 | Q7: September 30th, 2022 | R7: Tadessa Desta Amene | S7: Ethiopian Heirlooms | T7: Completed | U7: Natural / Dry | V7: 8 | W7: 8.08 | X7: 8 | Y7: 8 | Z7: 7.67 | AA7: 7.75 | AB7: 10 | AC7: 10 | AD7: 10 | AE7: 7.83 | AF7: 85.33 | AG7: 12.3 | AH7: 0 | AI7: 3 | AJ7: yellow green | AK7: 4 | AL7: September 30th, 2023 | AM7: METAD Agricultural Development plc | AN7: BAWA Center, 3rd Floor (Gerji), Addis Ababa, Ethiopia | AO7: Aman Adinew (Emebet Dinku) - +251-116-292534, +251-911-519196 | AP7: =AVERAGEIF(df_arabica_clean[Country of Origin],df_arabica_clean[[#This Row],[Country of Origin]],df_arabica_clean[Total Cup Points]) -> 84.960909 | AQ7: =+COUNTIF(df_arabica_clean[Country of Origin],df_arabica_clean[[#This Row],[Country of Origin]]) -> 11
A8: 165 | B8: 165 | C8: El Salvador | D8: Agua Caliente | E8: 1-26 | F8: Agua Caliente | G8: Consejo Salvadoreño del Café | H8: 1200 | I8: =IF(df_arabica_clean[[#This Row],[Altitude]] <= 2500, df_arabica_clean[[#This Row],[Altitude]], ROUND(df_arabica_clean[[#This Row],[Altitude]] / 3.281, 0)) -> 1200 | J8: =IF(df_arabica_clean[[#This Row],[Altitude]]>2500,"Convertido","Original") -> Original | K8: Apaneca - Ilamatepec | L8: J.J. Borja Nathan, S.A. | M8: 600 | N8: 30 kg | O8: Salvadoran Coffee Council | P8: 2022 / 2023 | Q8: February 21st, 2023 | R8: Consejo Salvadoreño del Café | S8: Bourbon | T8: Completed | U8: Washed / Wet | V8: 7.5 | W8: 7.5 | X8: 7.42 | Y8: 7.42 | Z8: 7.42 | AA8: 7.67 | AB8: 10 | AC8: 10 | AD8: 10 | AE8: 7.42 | AF8: 82.33 | AG8: 12 | AH8: 0 | AI8: 7 | AJ8: green | AK8: 10 | AL8: February 21st, 2024 | AM8: Salvadoran Coffee Council | AN8: Final 1a. Av. Norte y 13 Calle Pte., dentro de las instalaciones del MAG | AO8: Tomas Bonilla - (503) 2505-6600 | AP8: =AVERAGEIF(df_arabica_clean[Country of Origin],df_arabica_clean[[#This Row],[Country of Origin]],df_arabica_clean[Total Cup Points]) -> 81.532857 | AQ8: =+COUNTIF(df_arabica_clean[Country of Origin],df_arabica_clean[[#This Row],[Country of Origin]]) -> 7
A9: 156 | B9: 156 | C9: El Salvador | D9: Agua Caliente | E9: 1-26 | F9: Agua Caliente | G9: Consejo Salvadoreño del Café | H9: 1200 | I9: =IF(df_arabica_clean[[#This Row],[Altitude]] <= 2500, df_arabica_clean[[#This Row],[Altitude]], ROUND(df_arabica_clean[[#This Row],[Altitude]] / 3.281, 0)) -> 1200 | J9: =IF(df_arabica_clean[[#This Row],[Altitude]]>2500,"Convertido","Original") -> Original | K9: Apaneca - Ilamatepec | L9: J.J. Borja Nathan, S.A. | M9: 600 | N9: 30 kg | O9: Salvadoran Coffee Council | P9: 2022 / 2023 | Q9: March 3rd, 2023 | R9: Consejo Salvadoreño del Café | S9: Bourbon | T9: Completed | U9: Washed / Wet | V9: 7.67 | W9: 7.33 | X9: 7.17 | Y9: 7.67 | Z9: 7.83 | AA9: 7.5 | AB9: 10 | AC9: 10 | AD9: 10 | AE9: 7.33 | AF9: 82.5 | AG9: 11.3 | AH9: 0 | AI9: 0 | AJ9: green | AK9: 2 | AL9: March 2nd, 2024 | AM9: Salvadoran Coffee Council | AN9: Final 1a. Av. Norte y 13 Calle Pte., dentro de las instalaciones del MAG | AO9: Tomas Bonilla - (503) 2505-6600 | AP9: =AVERAGEIF(df_arabica_clean[Country of Origin],df_arabica_clean[[#This Row],[Country of Origin]],df_arabica_clean[Total Cup Points]) -> 81.532857 | AQ9: =+COUNTIF(df_arabica_clean[Country of Origin],df_arabica_clean[[#This Row],[Country of Origin]]) -> 7
A10: 100 | B10: 100 | C10: Ethiopia | D10: Gerbicho Lela Cooperative | E10: 1 | F10: Sidama Coffee Farmers Cooperative Union | G10: Taylor Winch Coffee Ltd | H10: 2000 | I10: =IF(df_arabica_clean[[#This Row],[Altitude]] <= 2500, df_arabica_clean[[#This Row],[Altitude]], ROUND(df_arabica_clean[[#This Row],[Altitude]] / 3.281, 0)) -> 2000 | J10: =IF(df_arabica_clean[[#This Row],[Altitude]]>2500,"Convertido","Original") -> Original | K10: Sidama | L10: Sidama Coffee Farmers Cooperative Union | M10: 100 | N10: 60 kg | O10: Kenya Coffee Traders Association | P10: 2021 / 2022 | Q10: September 9th, 2022 | R10: Taylor Winch (Coffee) Ltd. | S10: Ethiopian Heirlooms | T10: Completed | U10: Washed / Wet | V10: 7.83 | W10: 7.67 | X10: 7.5 | Y10: 7.92 | Z10: 7.5 | AA10: 7.67 | AB10: 10 | AC10: 10 | AD10: 10 | AE10: 7.75 | AF10: 83.83 | AG10: 12 | AH10: 0 | AI10: 0 | AJ10: green | AK10: 12 | AL10: September 9th, 2023 | AM10: Kenya Coffee Traders Association | AN10: P.O. Box 646 00100Nairobi, Kenya, Denniss Pritt Road, Opposite St Georges Girls Secondary School | AO10: Benson Kibicho Kamau - +254 786 821 621 | AP10: =AVERAGEIF(df_arabica_clean[Country of Origin],df_arabica_clean[[#This Row],[Country of Origin]],df_arabica_clean[Total Cup Points]) -> 84.960909 | AQ10: =+COUNTIF(df_arabica_clean[Country of Origin],df_arabica_clean[[#This Row],[Country of Origin]]) -> 11
A11: 33 | B11: 33 | C11: Ethiopia | D11: Eshetu farm | E11: Washed Limmu | F11: Lata Agri export | G11: Alo Coffee | H11: 1950 | I11: =IF(df_arabica_clean[[#This Row],[Altitude]] <= 2500, df_arabica_clean[[#This Row],[Altitude]], ROUND(df_arabica_clean[[#This Row],[Altitude]] / 3.281, 0)) -> 1950 | J11: =IF(df_arabica_clean[[#This Row],[Altitude]]>2500,"Convertido","Original") -> Original | K11: Oromia | L11: Eshetu | M11: 320 | N11: 60 kg | O11: METAD Agricultural Development plc | P11: 2021 / 2022 | Q11: June 6th, 2022 | R11: Tamiru Tadesse Tesema | S11: Ethiopian Heirlooms | T11: Completed | U11: Washed / Wet | V11: 7.67 | W11: 7.83 | X11: 7.83 | Y11: 8 | Z11: 8 | AA11: 8 | AB11: 10 | AC11: 10 | AD11: 10 | AE11: 8 | AF11: 85.33 | AG11: 9.9 | AH11: 0 | AI11: 2 | AJ11: green | AK11: 3 | AL11: June 6th, 2023 | AM11: METAD Agricultural Development plc | AN11: BAWA Center, 3rd Floor (Gerji), Addis Ababa, Ethiopia | AO11: Aman Adinew (Emebet Dinku) - +251-116-292534, +251-911-519196 | AP11: =AVERAGEIF(df_arabica_clean[Country of Origin],df_arabica_clean[[#This Row],[Country of Origin]],df_arabica_clean[Total Cup Points]) -> 84.960909 | AQ11: =+COUNTIF(df_arabica_clean[Country of Origin],df_arabica_clean[[#This Row],[Country of Origin]]) -> 11
A12: 71 | B12: 71 | C12: Ethiopia | D12: TRACON TRADING PLC | E12: 0712 | F12: 5.2Ha | G12: Tracon Trading PLC | H12: 1943 | I12: =IF(df_arabica_clean[[#This Row],[Altitude]] <= 2500, df_arabica_clean[[#This Row],[Altitude]], ROUND(df_arabica_clean[[#This Row],[Altitude]] / 3.281, 0)) -> 1943 | J12: =IF(df_arabica_clean[[#This Row],[Altitude]]>2500,"Convertido","Original") -> Original | K12: Ethiopia | L12: TRACON TRADING PLC | M12: 584 | N12: 30 kg | O12: Blossom Valley International宸嶧國際 | P12: 2021 / 2022 | Q12: August 23rd, 2022 | R12: 李晓斐 LI XIAO FEI | S12: Ethiopian Heirlooms | T12: Completed | U12: Washed / Wet | V12: 7.92 | W12: 7.83 | X12: 7.75 | Y12: 7.92 | Z12: 7.58 | AA12: 7.67 | AB12: 10 | AC12: 10 | AD12: 10 | AE12: 7.83 | AF12: 84.5 | AG12: 10.9 | AH12: 0 | AI12: 0 | AJ12: green | AK12: 9 | AL12: August 23rd, 2023 | AM12: Blossom Valley International宸嶧國際 | AN12: No.72 Mo-Fan St. Taiwan Zip: 403 | AO12: Damon Chen陳嘉峻 - +886423022323 | AP12: =AVERAGEIF(df_arabica_clean[Country of Origin],df_arabica_clean[[#This Row],[Country of Origin]],df_arabica_clean[Total Cup Points]) -> 84.960909 | AQ12: =+COUNTIF(df_arabica_clean[Country of Origin],df_arabica_clean[[#This Row],[Country of Origin]]) -> 11
A13: 43 | B13: 43 | C13: Uganda | D13: Gideon Kule | E13: 7938 | F13: Dry Mill | G13: Kyagalanyi Coffee Limited | H13: 1905 | I13: =IF(df_arabica_clean[[#This Row],[Altitude]] <= 2500, df_arabica_clean[[#This Row],[Altitude]], ROUND(df_arabica_clean[[#This Row],[Altitude]] / 3.281, 0)) -> 1905 | J13: =IF(df_arabica_clean[[#This Row],[Altitude]]>2500,"Convertido","Original") -> Original | K13: Rwenzori | L13: Kyagalanyi coffee limited | M13: 320 | N13: 60 kg | O13: Uganda Coffee Development Authority | P13: 2021 / 2022 | Q13: June 29th, 2022 | R13: KYAGALANYI COFFEE LIMITED | S13: SL14 | T13: Completed | U13: Washed / Wet | V13: 8 | W13: 7.92 | X13: 7.75 | Y13: 7.75 | Z13: 7.75 | AA13: 7.92 | AB13: 10 | AC13: 10 | AD13: 10 | AE13: 7.92 | AF13: 85 | AG13: 11 | AH13: 0 | AI13: 0 | AJ13: green | AK13: 1 | AL13: June 29th, 2023 | AM13: Uganda Coffee Development Authority | AN13: Coffee House, Plot 35, Jinja Road, P.O. Box 7267, Kampala, Uganda | AO13: Brenda Kamara Kemigisha Mangeni - 256773040119 | AP13: =AVERAGEIF(df_arabica_clean[Country of Origin],df_arabica_clean[[#This Row],[Country of Origin]],df_arabica_clean[Total Cup Points]) -> 83.916667 | AQ13: =+COUNTIF(df_arabica_clean[Country of Origin],df_arabica_clean[[#This Row],[Country of Origin]]) -> 3
... A29: 201 | B29: 201 | C29: Brazil | D29: Various farm | E29: 002/1738/0029 | F29: Dry mill | G29: marubeni | H29: 1200 | I29: =IF(df_arabica_clean[[#This Row],[Altitude]] <= 2500, df_arabica_clean[[#This Row],[Altitude]], ROUND(df_arabica_clean[[#This Row],[Altitude]] / 3.281, 0)) -> 1200 | J29: =IF(df_arabica_clean[[#This Row],[Altitude]]>2500,"Convertido","Original") -> Original | K29: Alta Mogiana-Ibiraci | L29: COCAPIL | M29: 440 | N29: 60 kg | O29: Japan Coffee Exchange | P29: 2021 / 2022 | Q29: July 20th, 2022 | R29: Ikuto Uehara | S29: Catuai and Mundo Novo | T29: Completed | U29: Natural / Dry | V29: 7.25 | W29: 7.17 | X29: 7.17 | Y29: 7.08 | Z29: 7.17 | AA29: 7.17 | AB29: 10 | AC29: 10 | AD29: 10 | AE29: 7.17 | AF29: 80.17 | AG29: 11.6 | AH29: 0 | AI29: 1 | AJ29: greenish | AK29: 2 | AL29: July 20th, 2023 | AM29: Japan Coffee Exchange | AN29: 〒413-0002 静岡県熱海市伊豆山１１７３−５８ 1173-58 Izusan, Atami, Shizuoka, 413-0002 JAPAN | AO29: 松澤 宏樹 Koju Matsuzawa - +81(0)9085642901 | AP29: =AVERAGEIF(df_arabica_clean[Country of Origin],df_arabica_clean[[#This Row],[Country of Origin]],df_arabica_clean[Total Cup Points]) -> 81.883 | AQ29: =+COUNTIF(df_arabica_clean[Country of Origin],df_arabica_clean[[#This Row],[Country of Origin]]) -> 10
A30: 194 | B30: 194 | C30: Brazil | D30: Various farm | E30: 0038 | F30: Dry Mill of Cocapil | G30: Marubeni Corporation | H30: 1200 | I30: =IF(df_arabica_clean[[#This Row],[Altitude]] <= 2500, df_arabica_clean[[#This Row],[Altitude]], ROUND(df_arabica_clean[[#This Row],[Altitude]] / 3.281, 0)) -> 1200 | J30: =IF(df_arabica_clean[[#This Row],[Altitude]]>2500,"Convertido","Original") -> Original | K30: Alta Mogiana-Ibiraci | L30: Cocapil | M30: 440 | N30: 60 kg | O30: Japan Coffee Exchange | P30: 2022 / 2023 | Q30: April 17th, 2023 | R30: Ikuto Uehara | T30: Completed | U30: Natural / Dry | V30: 7.42 | W30: 7.42 | X30: 7.25 | Y30: 7.25 | Z30: 7.17 | AA30: 7.25 | AB30: 10 | AC30: 10 | AD30: 10 | AE30: 7.25 | AF30: 81 | AG30: 10.6 | AH30: 0 | AI30: 2 | AJ30: greenish | AK30: 1 | AL30: April 16th, 2024 | AM30: Japan Coffee Exchange | AN30: 〒413-0002 静岡県熱海市伊豆山１１７３−５８ 1173-58 Izusan, Atami, Shizuoka, 413-0002 JAPAN | AO30: 松澤 宏樹 Koju Matsuzawa - +81(0)9085642901 | AP30: =AVERAGEIF(df_arabica_clean[Country of Origin],df_arabica_clean[[#This Row],[Country of Origin]],df_arabica_clean[Total Cup Points]) -> 81.883 | AQ30: =+COUNTIF(df_arabica_clean[Country of Origin],df_arabica_clean[[#This Row],[Country of Origin]]) -> 10
A31: 25 | B31: 25 | C31: Brazil | D31: Fazenda Recreio | E31: Arara 1 | F31: Dry mill | G31: WIT wealth, investments & trust | H31: 1250 | I31: =IF(df_arabica_clean[[#This Row],[Altitude]] <= 2500, df_arabica_clean[[#This Row],[Altitude]], ROUND(df_arabica_clean[[#This Row],[Altitude]] / 3.281, 0)) -> 1250 | J31: =IF(df_arabica_clean[[#This Row],[Altitude]]>2500,"Convertido","Original") -> Original | K31: Região Vulcânica | L31: Diogo T. Dias de Macedo | M31: 25 | N31: 60 kg | O31: Brazil Specialty Coffee Association | P31: 2022 | Q31: January 6th, 2023 | R31: Andre Clark | T31: Completed | U31: Pulped natural / honey | V31: 7.83 | W31: 8.08 | X31: 7.83 | Y31: 7.92 | Z31: 8 | AA31: 7.83 | AB31: 10 | AC31: 10 | AD31: 10 | AE31: 8 | AF31: 85.5 | AG31: 11.3 | AH31: 2 | AI31: 0 | AJ31: green | AK31: 3 | AL31: January 6th, 2024 | AM31: Brazil Specialty Coffee Association | AN31: Rua Gaspar Batista Paiva, 416 – Santa Luiza Varginha/MG – Brazil | AO31: Chris Allen - 55 35 3212-4705 | AP31: =AVERAGEIF(df_arabica_clean[Country of Origin],df_arabica_clean[[#This Row],[Country of Origin]],df_arabica_clean[Total Cup Points]) -> 81.883 | AQ31: =+COUNTIF(df_arabica_clean[Country of Origin],df_arabica_clean[[#This Row],[Country of Origin]]) -> 10
A32: 197 | B32: 197 | C32: Nicaragua | D32: Sajonia Estate Coffee S.A. | E32: 1 | F32: Sajonia Estate Coffee S.A. | G32: SAJONIA ESTATE COFFEE S.A. | H32: 1000 | I32: =IF(df_arabica_clean[[#This Row],[Altitude]] <= 2500, df_arabica_clean[[#This Row],[Altitude]], ROUND(df_arabica_clean[[#This Row],[Altitude]] / 3.281, 0)) -> 1000 | J32: =IF(df_arabica_clean[[#This Row],[Altitude]]>2500,"Convertido","Original") -> Original | K32: Jinotega | L32: Sajonia Estate Coffee S.A. | M32: 275 | N32: 69 kg | O32: Asociación de Cafés Especiales de Nicaragua | P32: 2022 / 2023 | Q32: April 20th, 2023 | R32: SAJONIA ESTATE COFFEE S.A. | S32: Sarchimor | T32: Completed | U32: Washed / Wet | V32: 7.42 | W32: 7.17 | X32: 7 | Y32: 7.08 | Z32: 7.42 | AA32: 7.17 | AB32: 10 | AC32: 10 | AD32: 10 | AE32: 7.17 | AF32: 80.42 | AG32: 11.2 | AH32: 0 | AI32: 0 | AJ32: green | AK32: 5 | AL32: April 19th, 2024 | AM32: Asociación de Cafés Especiales de Nicaragua | AN32: Del Hotel Seminole 2 C al lago, 1 C arriba. | AO32: Maria Ines Benavidez Toval - 011-(505)-8396 4717 | AP32: =AVERAGEIF(df_arabica_clean[Country of Origin],df_arabica_clean[[#This Row],[Country of Origin]],df_arabica_clean[Total Cup Points]) -> 81.892857 | AQ32: =+COUNTIF(df_arabica_clean[Country of Origin],df_arabica_clean[[#This Row],[Country of Origin]]) -> 7
A33: 35 | B33: 35 | C33: Ethiopia | D33: YHAENU PLC FARM | E33: 1 | F33: GUJI COFFEE EXPORT P.L.C | G33: yhaenu plc | H33: 1700 | I33: =IF(df_arabica_clean[[#This Row],[Altitude]] <= 2500, df_arabica_clean[[#This Row],[Altitude]], ROUND(df_arabica_clean[[#This Row],[Altitude]] / 3.281, 0)) -> 1700 | J33: =IF(df_arabica_clean[[#This Row],[Altitude]]>2500,"Convertido","Original") -> Original | K33: OROMIA | L33: YHAENU PLC | M33: 320 | N33: 19200 kg | O33: METAD Agricultural Development plc | P33: 2021 / 2022 | Q33: December 12th, 2022 | R33: YHAENU PLC | S33: Ethiopian Heirlooms | T33: Completed | U33: Washed / Wet | V33: 7.92 | W33: 7.75 | X33: 7.83 | Y33: 8.17 | Z33: 8 | AA33: 7.75 | AB33: 10 | AC33: 10 | AD33: 10 | AE33: 7.83 | AF33: 85.25 | AG33: 9.4 | AH33: 0 | AI33: 1 | AJ33: greenish | AK33: 1 | AL33: December 12th, 2023 | AM33: METAD Agricultural Development plc | AN33: BAWA Center, 3rd Floor (Gerji), Addis Ababa, Ethiopia | AO33: Aman Adinew (Emebet Dinku) - +251-116-292534, +251-911-519196 | AP33: =AVERAGEIF(df_arabica_clean[Country of Origin],df_arabica_clean[[#This Row],[Country of Origin]],df_arabica_clean[Total Cup Points]) -> 84.960909 | AQ33: =+COUNTIF(df_arabica_clean[Country of Origin],df_arabica_clean[[#This Row],[Country of Origin]]) -> 11
A34: 116 | B34: 116 | C34: Ethiopia | D34: YHAENU PLC FARM | E34: 1 | F34: GUJI COFFEE EXPORT P.L.C | G34: yhaenu plc | H34: 1700 | I34: =IF(df_arabica_clean[[#This Row],[Altitude]] <= 2500, df_arabica_clean[[#This Row],[Altitude]], ROUND(df_arabica_clean[[#This Row],[Altitude]] / 3.281, 0)) -> 1700 | J34: =IF(df_arabica_clean[[#This Row],[Altitude]]>2500,"Convertido","Original") -> Original | K34: OROMIA | L34: YHAENU PLC | M34: 320 | N34: 19200 kg | O34: METAD Agricultural Development plc | P34: 2021 / 2022 | Q34: November 30th, 2022 | R34: YHAENU PLC | S34: Ethiopian Heirlooms | T34: Completed | U34: Washed / Wet | V34: 7.42 | W34: 7.42 | X34: 7.42 | Y34: 8 | Z34: 7.92 | AA34: 7.67 | AB34: 10 | AC34: 10 | AD34: 10 | AE34: 7.67 | AF34: 83.5 | AG34: 10.4 | AH34: 0 | AI34: 1 | AJ34: greenish | AK34: 11 | AL34: November 30th, 2023 | AM34: METAD Agricultural Development plc | AN34: BAWA Center, 3rd Floor (Gerji), Addis Ababa, Ethiopia | AO34: Aman Adinew (Emebet Dinku) - +251-116-292534, +251-911-519196 | AP34: =AVERAGEIF(df_arabica_clean[Country of Origin],df_arabica_clean[[#This Row],[Country of Origin]],df_arabica_clean[Total Cup Points]) -> 84.960909 | AQ34: =+COUNTIF(df_arabica_clean[Country of Origin],df_arabica_clean[[#This Row],[Country of Origin]]) -> 11
A35: 196 | B35: 196 | C35: Nicaragua | D35: EXPORTADORA ATLANTIC S.A | E35: 017/053/0603 | F35: Lavado | G35: ISHIMITSU | H35: 1100 | I35: =IF(df_arabica_clean[[#This Row],[Altitude]] <= 2500, df_arabica_clean[[#This Row],[Altitude]], ROUND(df_arabica_clean[[#This Row],[Altitude]] / 3.281, 0)) -> 1100 | J35: =IF(df_arabica_clean[[#This Row],[Altitude]]>2500,"Convertido","Original") -> Original | L35: Varios Productores | M35: 275 | N35: 69 kg | O35: Japan Coffee Exchange | P35: 2021 | Q35: July 11th, 2022 | R35: 丸山花織 | S35: Caturra | T35: Completed | U35: Washed / Wet | V35: 7.25 | W35: 7.25 | X35: 7.17 | Y35: 7.33 | Z35: 7.08 | AA35: 7.25 | AB35: 10 | AC35: 10 | AD35: 10 | AE35: 7.17 | AF35: 80.5 | AG35: 11.5 | AH35: 0 | AI35: 1 | AJ35: greenish | AK35: 3 | AL35: July 11th, 2023 | AM35: Japan Coffee Exchange | AN35: 〒413-0002 静岡県熱海市伊豆山１１７３−５８ 1173-58 Izusan, Atami, Shizuoka, 413-0002 JAPAN | AO35: 松澤 宏樹 Koju Matsuzawa - +81(0)9085642901 | AP35: =AVERAGEIF(df_arabica_clean[Country of Origin],df_arabica_clean[[#This Row],[Country of Origin]],df_arabica_clean[Total Cup Points]) -> 81.892857 | AQ35: =+COUNTIF(df_arabica_clean[Country of Origin],df_arabica_clean[[#This Row],[Country of Origin]]) -> 7
A36: 163 | B36: 163 | C36: Nicaragua | D36: Finca Aurora | E36: 1 | F36: Beneficio Seco Finca Aurora | G36: Mr.Brown Cafe | H36: 1200 | I36: =IF(df_arabica_clean[[#This Row],[Altitude]] <= 2500, df_arabica_clean[[#This Row],[Altitude]], ROUND(df_arabica_clean[[#This Row],[Altitude]] / 3.281, 0)) -> 1200 | J36: =IF(df_arabica_clean[[#This Row],[Altitude]]>2500,"Convertido","Original") -> Original | K36: Matagalpa, Nicaragua | L36: Sabio Coffee - Enrique Ferrufino & Tania Ferrufino | M36: 275 | N36: 69 kg | O36: Taiwan Coffee Laboratory 台灣咖啡研究室 | P36: 2021 / 2022 | Q36: December 30th, 2022 | R36: MR.BROWN CAFE | S36: Caturra-Catuai | T36: Completed | U36: Washed / Wet | V36: 7.58 | W36: 7.58 | X36: 7.42 | Y36: 7.42 | Z36: 7.5 | AA36: 7.5 | AB36: 10 | AC36: 10 | AD36: 10 | AE36: 7.42 | AF36: 82.42 | AG36: 11.4 | AH36: 0 | AI36: 0 | AJ36: bluish-green | AK36: 0 | AL36: December 30th, 2023 | AM36: Taiwan Coffee Laboratory 台灣咖啡研究室 | AN36: QAHWAH CO., LTD 4F, No. 225, Sec. 3, Beixin Rd., Xindian Dist. New Taipei City, Taiwan | AO36: Lin, Jen-An Neil 林仁安 - 886-289116612 | AP36: =AVERAGEIF(df_arabica_clean[Country of Origin],df_arabica_clean[[#This Row],[Country of Origin]],df_arabica_clean[Total Cup Points]) -> 81.892857 | AQ36: =+COUNTIF(df_arabica_clean[Country of Origin],df_arabica_clean[[#This Row],[Country of Origin]]) -> 7
A37: 203 | B37: 203 | C37: Nicaragua | D37: Finca San Felipe | E37: 017-053-0155 | F37: Beneficio Atlantic Sébaco | G37: Exportadora Atlantic S.A | H37: 1200 | I37: =IF(df_arabica_clean[[#This Row],[Altitude]] <= 2500, df_arabica_clean[[#This Row],[Altitude]], ROUND(df_arabica_clean[[#This Row],[Altitude]] / 3.281, 0)) -> 1200 | J37: =IF(df_arabica_clean[[#This Row],[Altitude]]>2500,"Convertido","Original") -> Original | K37: Matagalpa | L37: Exportadora Atlantic S.A. | M37: 300 | N37: 30 kg | O37: Asociación de Cafés Especiales de Nicaragua | P37: 2022 / 2023 | Q37: March 3rd, 2023 | R37: Exportadora Atlantic, S.A. | S37: SHG | T37: Completed | U37: Natural / Dry | V37: 7.33 | W37: 7.08 | X37: 6.75 | Y37: 7.17 | Z37: 7.42 | AA37: 7.17 | AB37: 10 | AC37: 10 | AD37: 10 | AE37: 7.08 | AF37: 80 | AG37: 10.4 | AH37: 0 | AI37: 2 | AJ37: green | AK37: 12 | AL37: March 2nd, 2024 | AM37: Asociación de Cafés Especiales de Nicaragua | AN37: Del Hotel Seminole 2 C al lago, 1 C arriba. | AO37: Maria Ines Benavidez Toval - 011-(505)-8396 4717 | AP37: =AVERAGEIF(df_arabica_clean[Country of Origin],df_arabica_clean[[#This Row],[Country of Origin]],df_arabica_clean[Total Cup Points]) -> 81.892857 | AQ37: =+COUNTIF(df_arabica_clean[Country of Origin],df_arabica_clean[[#This Row],[Country of Origin]]) -> 7
A38: 53 | B38: 53 | C38: Tanzania, United Republic Of | D38: IYENGA | E38: S59588/P03989 | F38: CITY COFFEE LTD | G38: VOLCAFE/TaylorWinch Tanzania Ltd | H38: 1654 | I38: =IF(df_arabica_clean[[#This Row],[Altitude]] <= 2500, df_arabica_clean[[#This Row],[Altitude]], ROUND(df_arabica_clean[[#This Row],[Altitude]] / 3.281, 0)) -> 1654 | J38: =IF(df_arabica_clean[[#This Row],[Altitude]]>2500,"Convertido","Original") -> Original | K38: Mbeya | L38: IYENGA AMCOS | M38: 620 | N38: 30 kg | O38: Kenya Coffee Traders Association | P38: 2022 / 2023 | Q38: November 9th, 2022 | R38: Balam Hinyula | S38: Bourbon | T38: Completed | U38: Washed / Wet | V38: 7.92 | W38: 7.75 | X38: 7.75 | Y38: 7.92 | Z38: 7.83 | AA38: 7.83 | AB38: 10 | AC38: 10 | AD38: 10 | AE38: 7.83 | AF38: 84.83 | AG38: 11.2 | AH38: 0 | AI38: 0 | AJ38: greenish | AK38: 0 | AL38: November 9th, 2023 | AM38: Kenya Coffee Traders Association | AN38: P.O. Box 646 00100Nairobi, Kenya, Denniss Pritt Road, Opposite St Georges Girls Secondary School | AO38: Benson Kibicho Kamau - +254 786 821 621 | AP38: =AVERAGEIF(df_arabica_clean[Country of Origin],df_arabica_clean[[#This Row],[Country of Origin]],df_arabica_clean[Total Cup Points]) -> 84.735 | AQ38: =+COUNTIF(df_arabica_clean[Country of Origin],df_arabica_clean[[#This Row],[Country of Origin]]) -> 6
A39: 147 | B39: 147 | C39: Nicaragua | D39: Finca San Felipe | E39: 017-053-0017 | F39: Beneficio Atlantic Sébaco | G39: Exportadora Atlantic S.A | H39: 1200 | I39: =IF(df_arabica_clean[[#This Row],[Altitude]] <= 2500, df_arabica_clean[[#This Row],[Altitude]], ROUND(df_arabica_clean[[#This Row],[Altitude]] / 3.281, 0)) -> 1200 | J39: =IF(df_arabica_clean[[#This Row],[Altitude]]>2500,"Convertido","Original") -> Original | K39: Matagalpa | L39: Exportadora Atlantic S.A. | M39: 275 | N39: 69 kg | O39: Asociación de Cafés Especiales de Nicaragua | P39: 2022 / 2023 | Q39: January 30th, 2023 | R39: Exportadora Atlantic, S.A. | S39: SHG | T39: Completed | U39: Natural / Dry | V39: 7.33 | W39: 7.58 | X39: 7.25 | Y39: 7.33 | Z39: 7.75 | AA39: 8.17 | AB39: 10 | AC39: 10 | AD39: 10 | AE39: 7.33 | AF39: 82.75 | AG39: 10.5 | AH39: 5 | AI39: 2 | AJ39: green | AK39: 1 | AL39: January 30th, 2024 | AM39: Asociación de Cafés Especiales de Nicaragua | AN39: Del Hotel Seminole 2 C al lago, 1 C arriba. | AO39: Maria Ines Benavidez Toval - 011-(505)-8396 4717 | AP39: =AVERAGEIF(df_arabica_clean[Country of Origin],df_arabica_clean[[#This Row],[Country of Origin]],df_arabica_clean[Total Cup Points]) -> 81.892857 | AQ39: =+COUNTIF(df_arabica_clean[Country of Origin],df_arabica_clean[[#This Row],[Country of Origin]]) -> 7
A40: 155 | B40: 155 | C40: Nicaragua | D40: Finca Las Dos Marias | E40: 4 -3.1 | F40: Compare Coperativo Condega, Esteli, Nicaragua | G40: NicaNoLA Coffee | H40: 1350 | I40: =IF(df_arabica_clean[[#This Row],[Altitude]] <= 2500, df_arabica_clean[[#This Row],[Altitude]], ROUND(df_arabica_clean[[#This Row],[Altitude]] / 3.281, 0)) -> 1350 | J40: =IF(df_arabica_clean[[#This Row],[Altitude]]>2500,"Convertido","Original") -> Original | K40: ESTELI | L40: NicaNoLA Coffee | M40: 120 | N40: 45 kg | O40: Specialty Coffee Association | P40: 2021 / 2022 | Q40: June 20th, 2022 | R40: rene j alcebo | S40: Parainema | T40: Completed | U40: Washed / Wet | V40: 7.5 | W40: 7.58 | X40: 7.42 | Y40: 7.58 | Z40: 7.5 | AA40: 7.58 | AB40: 10 | AC40: 10 | AD40: 10 | AE40: 7.42 | AF40: 82.58 | AG40: 10.1 | AH40: 0 | AI40: 0 | AJ40: green | AK40: 0 | AL40: June 20th, 2023 | AM40: Specialty Coffee Association | AN40: *CURRENTLY NOT ACCEPTING SAMPLES** | AO40: Brit Amell (CQI) - bamell@coffeeinstitute.org - | AP40: =AVERAGEIF(df_arabica_clean[Country of Origin],df_arabica_clean[[#This Row],[Country of Origin]],df_arabica_clean[Total Cup Points]) -> 81.892857 | AQ40: =+COUNTIF(df_arabica_clean[Country of Origin],df_arabica_clean[[#This Row],[Country of Origin]]) -> 7
A41: 89 | B41: 89 | C41: Tanzania, United Republic Of | D41: KONGONI ESTATE | E41: CN 4127230031/P-9139 | F41: RAFIKI MILL | G41: C.DORMAN SEZ LTD | H41: 1600 | I41: =IF(df_arabica_clean[[#This Row],[Altitude]] <= 2500, df_arabica_clean[[#This Row],[Altitude]], ROUND(df_arabica_clean[[#This Row],[Altitude]] / 3.281, 0)) -> 1600 | J41: =IF(df_arabica_clean[[#This Row],[Altitude]]>2500,"Convertido","Original") -> Original | K41: ARUSHA | L41: DORMAN (T) LTD | M41: 200 | N41: 60 kg | O41: Kenya Coffee Traders Association | P41: 2022 / 2023 | Q41: January 3rd, 2023 | R41: Gilbert Maina | S41: Bourbon | T41: Completed | U41: Washed / Wet | V41: 7.58 | W41: 7.67 | X41: 7.75 | Y41: 7.75 | Z41: 7.75 | AA41: 7.75 | AB41: 10 | AC41: 10 | AD41: 10 | AE41: 7.75 | AF41: 84 | AG41: 9.8 | AH41: 0 | AI41: 0 | AJ41: greenish | AK41: 3 | AL41: January 3rd, 2024 | AM41: Kenya Coffee Traders Association | AN41: P.O. Box 646 00100Nairobi, Kenya, Denniss Pritt Road, Opposite St Georges Girls Secondary School | AO41: Benson Kibicho Kamau - +254 786 821 621 | AP41: =AVERAGEIF(df_arabica_clean[Country of Origin],df_arabica_clean[[#This Row],[Country of Origin]],df_arabica_clean[Total Cup Points]) -> 84.735 | AQ41: =+COUNTIF(df_arabica_clean[Country of Origin],df_arabica_clean[[#This Row],[Country of Origin]]) -> 6
A42: 64 | B42: 64 | C42: Nicaragua | D42: Finca Las Dos Marias | E42: 10 1.1 | F42: Compare Coperativo Condega, Esteli, Nicaragua | G42: NicaNoLA Coffee | H42: 1350 | I42: =IF(df_arabica_clean[[#This Row],[Altitude]] <= 2500, df_arabica_clean[[#This Row],[Altitude]], ROUND(df_arabica_clean[[#This Row],[Altitude]] / 3.281, 0)) -> 1350 | J42: =IF(df_arabica_clean[[#This Row],[Altitude]]>2500,"Convertido","Original") -> Original | K42: ESTELI | L42: NicaNoLA Coffee | M42: 74 | N42: 45 kg | O42: Specialty Coffee Association | P42: 2021 / 2022 | Q42: June 9th, 2022 | R42: rene j alcebo | S42: Catrenic | T42: Completed | U42: Natural / Dry | V42: 7.92 | W42: 7.75 | X42: 7.67 | Y42: 7.67 | Z42: 7.83 | AA42: 7.75 | AB42: 10 | AC42: 10 | AD42: 10 | AE42: 8 | AF42: 84.58 | AG42: 9.9 | AH42: 1 | AI42: 0 | AJ42: green | AK42: 2 | AL42: June 9th, 2023 | AM42: Specialty Coffee Association | AN42: *CURRENTLY NOT ACCEPTING SAMPLES** | AO42: Brit Amell (CQI) - bamell@coffeeinstitute.org - | AP42: =AVERAGEIF(df_arabica_clean[Country of Origin],df_arabica_clean[[#This Row],[Country of Origin]],df_arabica_clean[Total Cup Points]) -> 81.892857 | AQ42: =+COUNTIF(df_arabica_clean[Country of Origin],df_arabica_clean[[#This Row],[Country of Origin]]) -> 7
A43: 199 | B43: 199 | C43: Peru | D43: Fundo La Libertad | E43: PR137 | F43: Callao Plant | G43: Itochu Corporation | H43: 1600 | I43: =IF(df_arabica_clean[[#This Row],[Altitude]] <= 2500, df_arabica_clean[[#This Row],[Altitude]], ROUND(df_arabica_clean[[#This Row],[Altitude]] / 3.281, 0)) -> 1600 | J43: =IF(df_arabica_clean[[#This Row],[Altitude]]>2500,"Convertido","Original") -> Original | K43: Chanchamayo, Lamerced | L43: Sandro Crispin Espiritu | M43: 275 | N43: 69 kg | O43: Japan Coffee Exchange | P43: 2022 / 2023 | Q43: June 10th, 2022 | R43: Kiichiro Iwata | S43: Caturra | T43: Completed | U43: Washed / Wet | V43: 7.5 | W43: 7.25 | X43: 7.17 | Y43: 7.17 | Z43: 7.17 | AA43: 7.08 | AB43: 10 | AC43: 10 | AD43: 10 | AE43: 7 | AF43: 80.33 | AG43: 11.8 | AH43: 0 | AI43: 6 | AJ43: greenish | AK43: 11 | AL43: June 10th, 2023 | AM43: Japan Coffee Exchange | AN43: 〒413-0002 静岡県熱海市伊豆山１１７３−５８ 1173-58 Izusan, Atami, Shizuoka, 413-0002 JAPAN | AO43: 松澤 宏樹 Koju Matsuzawa - +81(0)9085642901 | AP43: =AVERAGEIF(df_arabica_clean[Country of Origin],df_arabica_clean[[#This Row],[Country of Origin]],df_arabica_clean[Total Cup Points]) -> 82.3325 | AQ43: =+COUNTIF(df_arabica_clean[Country of Origin],df_arabica_clean[[#This Row],[Country of Origin]]) -> 4
A44: 179 | B44: 179 | C44: Peru | D44: Fundo La Libertad | E44: 301R | F44: Planta Callao | G44: Itochu Corporation | H44: 1600 | I44: =IF(df_arabica_clean[[#This Row],[Altitude]] <= 2500, df_arabica_clean[[#This Row],[Altitude]], ROUND(df_arabica_clean[[#This Row],[Altitude]] / 3.281, 0)) -> 1600 | J44: =IF(df_arabica_clean[[#This Row],[Altitude]]>2500,"Convertido","Original") -> Original | K44: Chanchamayo, La Merced | L44: Sandro Crispin Espiritu | M44: 275 | N44: 69 kg | O44: Japan Coffee Exchange | P44: 2022 / 2023 | Q44: July 11th, 2022 | R44: Kiichiro Iwata | S44: Caturra | T44: Completed | U44: Washed / Wet | V44: 7.5 | W44: 7.5 | X44: 7.33 | Y44: 7.5 | Z44: 7.33 | AA44: 7.33 | AB44: 10 | AC44: 10 | AD44: 10 | AE44: 7.42 | AF44: 81.92 | AG44: 11.6 | AH44: 0 | AI44: 2 | AJ44: greenish | AK44: 2 | AL44: July 11th, 2023 | AM44: Japan Coffee Exchange | AN44: 〒413-0002 静岡県熱海市伊豆山１１７３−５８ 1173-58 Izusan, Atami, Shizuoka, 413-0002 JAPAN | AO44: 松澤 宏樹 Koju Matsuzawa - +81(0)9085642901 | AP44: =AVERAGEIF(df_arabica_clean[Country of Origin],df_arabica_clean[[#This Row],[Country of Origin]],df_arabica_clean[Total Cup Points]) -> 82.3325 | AQ44: =+COUNTIF(df_arabica_clean[Country of Origin],df_arabica_clean[[#This Row],[Country of Origin]]) -> 4
A45: 38 | B45: 38 | C45: Kenya | D45: Small Holder | E45: 5516 | F45: NKG | G45: IBERO (K) LTD | H45: 1600 | I45: =IF(df_arabica_clean[[#This Row],[Altitude]] <= 2500, df_arabica_clean[[#This Row],[Altitude]], ROUND(df_arabica_clean[[#This Row],[Altitude]] / 3.281, 0)) -> 1600 | J45: =IF(df_arabica_clean[[#This Row],[Altitude]]>2500,"Convertido","Original") -> Original | K45: Central | L45: Small Holder | M45: 300 | N45: 60 kg | O45: Kenya Coffee Traders Association | P45: 2022 / 2023 | Q45: February 28th, 2023 | R45: Judith Murimi | S45: SL28 | T45: Completed | U45: Washed / Wet | V45: 8.17 | W45: 7.75 | X45: 7.83 | Y45: 7.58 | Z45: 7.92 | AA45: 8 | AB45: 10 | AC45: 10 | AD45: 10 | AE45: 8 | AF45: 85.25 | AG45: 9.2 | AH45: 0 | AI45: 0 | AJ45: greenish | AK45: 1 | AL45: February 28th, 2024 | AM45: Kenya Coffee Traders Association | AN45: P.O. Box 646 00100Nairobi, Kenya, Denniss Pritt Road, Opposite St Georges Girls Secondary School | AO45: Benson Kibicho Kamau - +254 786 821 621 | AP45: =AVERAGEIF(df_arabica_clean[Country of Origin],df_arabica_clean[[#This Row],[Country of Origin]],df_arabica_clean[Total Cup Points]) -> 83.71 | AQ45: =+COUNTIF(df_arabica_clean[Country of Origin],df_arabica_clean[[#This Row],[Country of Origin]]) -> 2
A46: 168 | B46: 168 | C46: Peru | D46: Fundo La Libertado | E46: PR138 | F46: Planta Callao | G46: Itochu Corporation | H46: 1600 | I46: =IF(df_arabica_clean[[#This Row],[Altitude]] <= 2500, df_arabica_clean[[#This Row],[Altitude]], ROUND(df_arabica_clean[[#This Row],[Altitude]] / 3.281, 0)) -> 1600 | J46: =IF(df_arabica_clean[[#This Row],[Altitude]]>2500,"Convertido","Original") -> Original | K46: Chanchamayo, La Merced | L46: Sand Crispin Espiritu | M46: 275 | N46: 69 kg | O46: Japan Coffee Exchange | P46: 2022 / 2023 | Q46: July 11th, 2022 | R46: Kiichiro Iwata | S46: Caturra | T46: Completed | U46: Washed / Wet | V46: 7.67 | W46: 7.5 | X46: 7.33 | Y46: 7.58 | Z46: 7.33 | AA46: 7.42 | AB46: 10 | AC46: 10 | AD46: 10 | AE46: 7.42 | AF46: 82.25 | AG46: 11.7 | AH46: 0 | AI46: 1 | AJ46: greenish | AK46: 3 | AL46: July 11th, 2023 | AM46: Japan Coffee Exchange | AN46: 〒413-0002 静岡県熱海市伊豆山１１７３−５８ 1173-58 Izusan, Atami, Shizuoka, 413-0002 JAPAN | AO46: 松澤 宏樹 Koju Matsuzawa - +81(0)9085642901 | AP46: =AVERAGEIF(df_arabica_clean[Country of Origin],df_arabica_clean[[#This Row],[Country of Origin]],df_arabica_clean[Total Cup Points]) -> 82.3325 | AQ46: =+COUNTIF(df_arabica_clean[Country of Origin],df_arabica_clean[[#This Row],[Country of Origin]]) -> 4
A47: 52 | B47: 52 | C47: Peru | D47: Ruya Yayu Farm | E47: The 2022 Pacific Rim Coffee Summit,PE02 | F47: no. | G47: Taiwan Coffee Laboratory | H47: 1750 | I47: =IF(df_arabica_clean[[#This Row],[Altitude]] <= 2500, df_arabica_clean[[#This Row],[Altitude]], ROUND(df_arabica_clean[[#This Row],[Altitude]] / 3.281, 0)) -> 1750 | J47: =IF(df_arabica_clean[[#This Row],[Altitude]]>2500,"Convertido","Original") -> Original | K47: Villa Rica | L47: Ruya Yayu | M47: 3 | N47: 5 kg | O47: Taiwan Coffee Laboratory 台灣咖啡研究室 | P47: 2022 | Q47: November 15th, 2022 | R47: Taiwan Coffee Laboratory 台灣咖啡研究室 | S47: Gesha | T47: Completed | U47: Washed / Wet | V47: 8 | W47: 8 | X47: 7.83 | Y47: 7.83 | Z47: 7.58 | AA47: 7.83 | AB47: 10 | AC47: 10 | AD47: 10 | AE47: 7.75 | AF47: 84.83 | AG47: 10.7 | AH47: 0 | AI47: 0 | AJ47: greenish | AK47: 0 | AL47: November 15th, 2023 | AM47: Taiwan Coffee Laboratory 台灣咖啡研究室 | AN47: QAHWAH CO., LTD 4F, No. 225, Sec. 3, Beixin Rd., Xindian Dist. New Taipei City, Taiwan | AO47: Lin, Jen-An Neil 林仁安 - 886-289116612 | AP47: =AVERAGEIF(df_arabica_clean[Country of Origin],df_arabica_clean[[#This Row],[Country of Origin]],df_arabica_clean[Total Cup Points]) -> 82.3325 | AQ47: =+COUNTIF(df_arabica_clean[Country of Origin],df_arabica_clean[[#This Row],[Country of Origin]]) -> 4
... A87: 3 | B87: 3 | C87: Costa Rica | D87: La Cumbre | E87: CQU2022017 | F87: La Montana Tarrazu MIll | G87: Coffee Quality Union | H87: 1900 | I87: =IF(df_arabica_clean[[#This Row],[Altitude]] <= 2500, df_arabica_clean[[#This Row],[Altitude]], ROUND(df_arabica_clean[[#This Row],[Altitude]] / 3.281, 0)) -> 1900 | J87: =IF(df_arabica_clean[[#This Row],[Altitude]]>2500,"Convertido","Original") -> Original | K87: Los Santos,Tarrazu | L87: Santa Maria de Dota | M87: 1 | N87: 22 kg | O87: Japan Coffee Exchange | P87: 2022 | Q87: September 21st, 2022 | R87: Coffee Quality Union | S87: Gesha | T87: Completed | U87: Washed / Wet | V87: 8.08 | W87: 8.17 | X87: 8.17 | Y87: 8.25 | Z87: 8.17 | AA87: 8.08 | AB87: 10 | AC87: 10 | AD87: 10 | AE87: 8.25 | AF87: 87.17 | AG87: 11.8 | AH87: 0 | AI87: 0 | AJ87: green | AK87: 0 | AL87: September 21st, 2023 | AM87: Japan Coffee Exchange | AN87: 〒413-0002 静岡県熱海市伊豆山１１７３−５８ 1173-58 Izusan, Atami, Shizuoka, 413-0002 JAPAN | AO87: 松澤 宏樹 Koju Matsuzawa - +81(0)9085642901 | AP87: =AVERAGEIF(df_arabica_clean[Country of Origin],df_arabica_clean[[#This Row],[Country of Origin]],df_arabica_clean[Total Cup Points]) -> 83.74 | AQ87: =+COUNTIF(df_arabica_clean[Country of Origin],df_arabica_clean[[#This Row],[Country of Origin]]) -> 8
A88: 105 | B88: 105 | C88: Colombia | G88: Coffee Quality Institute | I88: =IF(df_arabica_clean[[#This Row],[Altitude]] <= 2500, df_arabica_clean[[#This Row],[Altitude]], ROUND(df_arabica_clean[[#This Row],[Altitude]] / 3.281, 0)) -> 0 | J88: =IF(df_arabica_clean[[#This Row],[Altitude]]>2500,"Convertido","Original") -> Original | M88: 1 | N88: 1 kg | O88: Barista and Coffee Academy of Asia | P88: 2022 | Q88: September 26th, 2022 | R88: Coffee Quality Institute | T88: Completed | V88: 7.83 | W88: 7.75 | X88: 7.5 | Y88: 7.58 | Z88: 7.67 | AA88: 7.67 | AB88: 10 | AC88: 10 | AD88: 10 | AE88: 7.67 | AF88: 83.67 | AG88: 12.4 | AH88: 1 | AI88: 0 | AJ88: greenish | AK88: 9 | AL88: September 26th, 2023 | AM88: Barista and Coffee Academy of Asia | AN88: The Place Bldg., Tunasan, Muntinlupa City, Metro Manila ​Philippines | AO88: Rosario Cruz - +63 995 344 5688 | AP88: =AVERAGEIF(df_arabica_clean[Country of Origin],df_arabica_clean[[#This Row],[Country of Origin]],df_arabica_clean[Total Cup Points]) -> 83.877368 | AQ88: =+COUNTIF(df_arabica_clean[Country of Origin],df_arabica_clean[[#This Row],[Country of Origin]]) -> 19
A89: 124 | B89: 124 | C89: Colombia | D89: El Laurel | E89: 1 | F89: Hulling facility | G89: Minka coffee company LTD | H89: 1100 | I89: =IF(df_arabica_clean[[#This Row],[Altitude]] <= 2500, df_arabica_clean[[#This Row],[Altitude]], ROUND(df_arabica_clean[[#This Row],[Altitude]] / 3.281, 0)) -> 1100 | J89: =IF(df_arabica_clean[[#This Row],[Altitude]]>2500,"Convertido","Original") -> Original | K89: Sierra Nevada de Santa Marta | L89: Eric SELLIN | M89: 2 | N89: 1 kg | O89: FABB Academy of Coffee | P89: 2021 / 2022 | Q89: September 30th, 2022 | R89: piradaPKPL | S89: Caturra | T89: Completed | U89: Washed / Wet | V89: 7.67 | W89: 7.67 | X89: 7.42 | Y89: 7.75 | Z89: 7.5 | AA89: 7.75 | AB89: 10 | AC89: 10 | AD89: 10 | AE89: 7.58 | AF89: 83.33 | AG89: 13.5 | AH89: 0 | AI89: 0 | AJ89: greenish | AK89: 0 | AL89: September 30th, 2023 | AM89: FABB Academy of Coffee | AN89: FABB ACADEMY OF COFFEE 259/313 SUKHUMVIT 71 RD., SOI PRIDI BANOMYONG 15, VHADANA BKK, 10110 THAILAND | AO89: Janejira Kamonsawedkun - +(66) 095 095 9593 | AP89: =AVERAGEIF(df_arabica_clean[Country of Origin],df_arabica_clean[[#This Row],[Country of Origin]],df_arabica_clean[Total Cup Points]) -> 83.877368 | AQ89: =+COUNTIF(df_arabica_clean[Country of Origin],df_arabica_clean[[#This Row],[Country of Origin]]) -> 19
A90: 193 | B90: 193 | C90: Colombia | D90: Escalera | E90: CQU2022019 | F90: Escalera | G90: Coffee Quality Union | H90: 1300 | I90: =IF(df_arabica_clean[[#This Row],[Altitude]] <= 2500, df_arabica_clean[[#This Row],[Altitude]], ROUND(df_arabica_clean[[#This Row],[Altitude]] / 3.281, 0)) -> 1300 | J90: =IF(df_arabica_clean[[#This Row],[Altitude]]>2500,"Convertido","Original") -> Original | K90: Cauca | L90: Escalera | M90: 1 | N90: 30 kg | O90: Japan Coffee Exchange | P90: 2021 / 2022 | Q90: December 22nd, 2022 | R90: Coffee Quality Union | S90: Caturra,Colombia,Castillo | T90: Completed | U90: Washed / Wet | V90: 7.42 | W90: 7.25 | X90: 7.25 | Y90: 7.42 | Z90: 7.17 | AA90: 7.33 | AB90: 10 | AC90: 10 | AD90: 10 | AE90: 7.33 | AF90: 81.17 | AG90: 11.4 | AH90: 0 | AI90: 2 | AJ90: greenish | AK90: 2 | AL90: December 22nd, 2023 | AM90: Japan Coffee Exchange | AN90: 〒413-0002 静岡県熱海市伊豆山１１７３−５８ 1173-58 Izusan, Atami, Shizuoka, 413-0002 JAPAN | AO90: 松澤 宏樹 Koju Matsuzawa - +81(0)9085642901 | AP90: =AVERAGEIF(df_arabica_clean[Country of Origin],df_arabica_clean[[#This Row],[Country of Origin]],df_arabica_clean[Total Cup Points]) -> 83.877368 | AQ90: =+COUNTIF(df_arabica_clean[Country of Origin],df_arabica_clean[[#This Row],[Country of Origin]]) -> 19
A91: 142 | B91: 142 | C91: Colombia | D91: La Argentina | E91: CQU2022013 | F91: La Argentina | G91: Coffee Quality Union | H91: 1350 | I91: =IF(df_arabica_clean[[#This Row],[Altitude]] <= 2500, df_arabica_clean[[#This Row],[Altitude]], ROUND(df_arabica_clean[[#This Row],[Altitude]] / 3.281, 0)) -> 1350 | J91: =IF(df_arabica_clean[[#This Row],[Altitude]]>2500,"Convertido","Original") -> Original | K91: Quindio | L91: Augusto Torres | M91: 1 | N91: 12 kg | O91: Japan Coffee Exchange | P91: 2021 / 2022 | Q91: June 16th, 2022 | R91: Coffee Quality Union | S91: Typica Gesha | T91: Completed | U91: Washed / Wet | V91: 7.58 | W91: 7.5 | X91: 7.5 | Y91: 7.67 | Z91: 7.58 | AA91: 7.5 | AB91: 10 | AC91: 10 | AD91: 10 | AE91: 7.58 | AF91: 82.92 | AG91: 11.5 | AH91: 0 | AI91: 1 | AJ91: greenish | AK91: 3 | AL91: June 16th, 2023 | AM91: Japan Coffee Exchange | AN91: 〒413-0002 静岡県熱海市伊豆山１１７３−５８ 1173-58 Izusan, Atami, Shizuoka, 413-0002 JAPAN | AO91: 松澤 宏樹 Koju Matsuzawa - +81(0)9085642901 | AP91: =AVERAGEIF(df_arabica_clean[Country of Origin],df_arabica_clean[[#This Row],[Country of Origin]],df_arabica_clean[Total Cup Points]) -> 83.877368 | AQ91: =+COUNTIF(df_arabica_clean[Country of Origin],df_arabica_clean[[#This Row],[Country of Origin]]) -> 19
A92: 23 | B92: 23 | C92: Colombia | D92: El Diamante | E92: CQU2023005 | F92: El Diamante | G92: Coffee Quality Union | H92: 1350 | I92: =IF(df_arabica_clean[[#This Row],[Altitude]] <= 2500, df_arabica_clean[[#This Row],[Altitude]], ROUND(df_arabica_clean[[#This Row],[Altitude]] / 3.281, 0)) -> 1350 | J92: =IF(df_arabica_clean[[#This Row],[Altitude]]>2500,"Convertido","Original") -> Original | K92: Quindio | L92: Farm Bedoya Arango | M92: 6 | N92: 5 kg | O92: Japan Coffee Exchange | P92: 2022 | Q92: April 7th, 2023 | R92: Coffee Quality Union | S92: Castillo Paraguaycito | T92: Completed | V92: 8.08 | W92: 8 | X92: 7.83 | Y92: 8.17 | Z92: 7.75 | AA92: 7.83 | AB92: 10 | AC92: 10 | AD92: 10 | AE92: 8 | AF92: 85.67 | AG92: 11.3 | AH92: 0 | AI92: 0 | AJ92: brownish | AK92: 2 | AL92: April 6th, 2024 | AM92: Japan Coffee Exchange | AN92: 〒413-0002 静岡県熱海市伊豆山１１７３−５８ 1173-58 Izusan, Atami, Shizuoka, 413-0002 JAPAN | AO92: 松澤 宏樹 Koju Matsuzawa - +81(0)9085642901 | AP92: =AVERAGEIF(df_arabica_clean[Country of Origin],df_arabica_clean[[#This Row],[Country of Origin]],df_arabica_clean[Total Cup Points]) -> 83.877368 | AQ92: =+COUNTIF(df_arabica_clean[Country of Origin],df_arabica_clean[[#This Row],[Country of Origin]]) -> 19
A93: 178 | B93: 178 | C93: Indonesia | D93: Wahana Graha Makmur | E93: 015/1686/057 | F93: PT. Wahana Graha Makmur Medan | G93: InterAmerican Coffee | H93: 1350 | I93: =IF(df_arabica_clean[[#This Row],[Altitude]] <= 2500, df_arabica_clean[[#This Row],[Altitude]], ROUND(df_arabica_clean[[#This Row],[Altitude]] / 3.281, 0)) -> 1350 | J93: =IF(df_arabica_clean[[#This Row],[Altitude]]>2500,"Convertido","Original") -> Original | K93: Sumatra | L93: PT. Wahana Graha Makmur Group | M93: 320 | N93: 60 kg | O93: NKG Quality Service (a division of Bernhard Rothfos Intercafé AG) | P93: 2022 | Q93: August 22nd, 2022 | R93: Charles Umeano | T93: Completed | U93: Pulped natural / honey | V93: 7.67 | W93: 7.33 | X93: 7.25 | Y93: 7.67 | Z93: 7.42 | AA93: 7.25 | AB93: 10 | AC93: 10 | AD93: 10 | AE93: 7.42 | AF93: 82 | AG93: 12.5 | AH93: 0 | AI93: 0 | AJ93: bluish-green | AK93: 0 | AL93: August 22nd, 2023 | AM93: NKG Quality Service (a division of Bernhard Rothfos Intercafé AG) | AN93: Bahnhofstrasse 22 6300 Zug, Switzerland | AO93: Tirza Odermatt - +41 41 728 72 81 | AP93: =AVERAGEIF(df_arabica_clean[Country of Origin],df_arabica_clean[[#This Row],[Country of Origin]],df_arabica_clean[Total Cup Points]) -> 83.693333 | AQ93: =+COUNTIF(df_arabica_clean[Country of Origin],df_arabica_clean[[#This Row],[Country of Origin]]) -> 3
A94: 131 | B94: 131 | C94: Colombia | D94: Buenos Aires | E94: CQU2023003 | F94: Buenos Aires | G94: Coffee Quality Union | H94: 1390 | I94: =IF(df_arabica_clean[[#This Row],[Altitude]] <= 2500, df_arabica_clean[[#This Row],[Altitude]], ROUND(df_arabica_clean[[#This Row],[Altitude]] / 3.281, 0)) -> 1390 | J94: =IF(df_arabica_clean[[#This Row],[Altitude]]>2500,"Convertido","Original") -> Original | K94: Quindio | L94: Chucho Bedoya | M94: 2 | N94: 12 kg | O94: Japan Coffee Exchange | P94: 2022 | Q94: April 7th, 2023 | R94: Coffee Quality Union | S94: Red Bourbon,Caturra | T94: Completed | U94: Anaerobico 1000h | V94: 7.67 | W94: 7.67 | X94: 7.58 | Y94: 7.67 | Z94: 7.58 | AA94: 7.58 | AB94: 10 | AC94: 10 | AD94: 10 | AE94: 7.5 | AF94: 83.25 | AG94: 10.9 | AH94: 0 | AI94: 0 | AJ94: brownish | AK94: 2 | AL94: April 6th, 2024 | AM94: Japan Coffee Exchange | AN94: 〒413-0002 静岡県熱海市伊豆山１１７３−５８ 1173-58 Izusan, Atami, Shizuoka, 413-0002 JAPAN | AO94: 松澤 宏樹 Koju Matsuzawa - +81(0)9085642901 | AP94: =AVERAGEIF(df_arabica_clean[Country of Origin],df_arabica_clean[[#This Row],[Country of Origin]],df_arabica_clean[Total Cup Points]) -> 83.877368 | AQ94: =+COUNTIF(df_arabica_clean[Country of Origin],df_arabica_clean[[#This Row],[Country of Origin]]) -> 19
A95: 92 | B95: 92 | C95: Colombia | D95: COO | E95: 3-002-00883 | F95: Laumayer Armenia | G95: InterAmerican Coffee | H95: 1400 | I95: =IF(df_arabica_clean[[#This Row],[Altitude]] <= 2500, df_arabica_clean[[#This Row],[Altitude]], ROUND(df_arabica_clean[[#This Row],[Altitude]] / 3.281, 0)) -> 1400 | J95: =IF(df_arabica_clean[[#This Row],[Altitude]]>2500,"Convertido","Original") -> Original | K95: Huila | L95: Cooperativa Central de Caficultores del Huila | M95: 275 | N95: 70 kg | O95: NKG Quality Service (a division of Bernhard Rothfos Intercafé AG) | P95: 2022 | Q95: July 27th, 2022 | R95: Charles Umeano | S95: Caturra | T95: Completed | U95: Washed / Wet | V95: 7.67 | W95: 7.83 | X95: 7.58 | Y95: 7.92 | Z95: 7.67 | AA95: 7.67 | AB95: 10 | AC95: 10 | AD95: 10 | AE95: 7.67 | AF95: 84 | AG95: 13.3 | AH95: 0 | AI95: 2 | AJ95: green | AK95: 3 | AL95: July 27th, 2023 | AM95: NKG Quality Service (a division of Bernhard Rothfos Intercafé AG) | AN95: Bahnhofstrasse 22 6300 Zug, Switzerland | AO95: Tirza Odermatt - +41 41 728 72 81 | AP95: =AVERAGEIF(df_arabica_clean[Country of Origin],df_arabica_clean[[#This Row],[Country of Origin]],df_arabica_clean[Total Cup Points]) -> 83.877368 | AQ95: =+COUNTIF(df_arabica_clean[Country of Origin],df_arabica_clean[[#This Row],[Country of Origin]]) -> 19
A96: 204 | B96: 204 | C96: Laos | D96: - | E96: 105/3/VL7285-005 | F96: DRY MILL | G96: Marubeni Corporation | H96: 1300 | I96: =IF(df_arabica_clean[[#This Row],[Altitude]] <= 2500, df_arabica_clean[[#This Row],[Altitude]], ROUND(df_arabica_clean[[#This Row],[Altitude]] / 3.281, 0)) -> 1300 | J96: =IF(df_arabica_clean[[#This Row],[Altitude]]>2500,"Convertido","Original") -> Original | K96: Bolaven Plateau | L96: LAO MINH TIEN COFFEE SOLE CO.,LTD | M96: 343 | N96: 60 kg | O96: Japan Coffee Exchange | P96: 2021 / 2022 | Q96: November 11th, 2022 | R96: Ikuto Uehara | S96: Catimor | T96: Completed | U96: Washed / Wet | V96: 7.25 | W96: 7.17 | X96: 7.08 | Y96: 7 | Z96: 7.08 | AA96: 7.08 | AB96: 10 | AC96: 10 | AD96: 10 | AE96: 7 | AF96: 79.67 | AG96: 11.6 | AH96: 0 | AI96: 9 | AJ96: green | AK96: 11 | AL96: November 11th, 2023 | AM96: Japan Coffee Exchange | AN96: 〒413-0002 静岡県熱海市伊豆山１１７３−５８ 1173-58 Izusan, Atami, Shizuoka, 413-0002 JAPAN | AO96: 松澤 宏樹 Koju Matsuzawa - +81(0)9085642901 | AP96: =AVERAGEIF(df_arabica_clean[Country of Origin],df_arabica_clean[[#This Row],[Country of Origin]],df_arabica_clean[Total Cup Points]) -> 83.39 | AQ96: =+COUNTIF(df_arabica_clean[Country of Origin],df_arabica_clean[[#This Row],[Country of Origin]]) -> 3
A97: 97 | B97: 97 | C97: Colombia | E97: 3/37/1370 | F97: Racafé & CIA S.C.A, Km 5 Vía Pereira | G97: Marubeni Corporation | H97: 1411 | I97: =IF(df_arabica_clean[[#This Row],[Altitude]] <= 2500, df_arabica_clean[[#This Row],[Altitude]], ROUND(df_arabica_clean[[#This Row],[Altitude]] / 3.281, 0)) -> 1411 | J97: =IF(df_arabica_clean[[#This Row],[Altitude]]>2500,"Convertido","Original") -> Original | K97: Pereira | L97: RACAFE & CIA SCA | M97: 375 | N97: 70 kg | O97: Japan Coffee Exchange | P97: 2022 / 2023 | Q97: April 17th, 2023 | R97: Ikuto Uehara | T97: Completed | U97: Washed / Wet | V97: 7.67 | W97: 7.75 | X97: 7.67 | Y97: 7.75 | Z97: 7.67 | AA97: 7.67 | AB97: 10 | AC97: 10 | AD97: 10 | AE97: 7.67 | AF97: 83.83 | AG97: 11.9 | AH97: 0 | AI97: 1 | AJ97: green | AK97: 1 | AL97: April 16th, 2024 | AM97: Japan Coffee Exchange | AN97: 〒413-0002 静岡県熱海市伊豆山１１７３−５８ 1173-58 Izusan, Atami, Shizuoka, 413-0002 JAPAN | AO97: 松澤 宏樹 Koju Matsuzawa - +81(0)9085642901 | AP97: =AVERAGEIF(df_arabica_clean[Country of Origin],df_arabica_clean[[#This Row],[Country of Origin]],df_arabica_clean[Total Cup Points]) -> 83.877368 | AQ97: =+COUNTIF(df_arabica_clean[Country of Origin],df_arabica_clean[[#This Row],[Country of Origin]]) -> 19
A98: 26 | B98: 26 | C98: Taiwan | D98: 鄒築園ZouZhouYuan | E98: The 2022 Pacific Rim Coffee Summit,T024 | F98: 鄒築園ZouZhouYuan | G98: Taiwan Coffee Laboratory | H98: 1300 | I98: =IF(df_arabica_clean[[#This Row],[Altitude]] <= 2500, df_arabica_clean[[#This Row],[Altitude]], ROUND(df_arabica_clean[[#This Row],[Altitude]] / 3.281, 0)) -> 1300 | J98: =IF(df_arabica_clean[[#This Row],[Altitude]]>2500,"Convertido","Original") -> Original | K98: Chiayi | L98: 方政倫 | M98: 1 | N98: 100 kg | O98: Taiwan Coffee Laboratory 台灣咖啡研究室 | P98: 2021 / 2022 | Q98: November 15th, 2022 | R98: Fang, Cheng Lun 方政倫 | S98: Gesha | T98: Completed | U98: Natural / Dry | V98: 7.92 | W98: 7.92 | X98: 8 | Y98: 7.92 | Z98: 7.83 | AA98: 7.92 | AB98: 10 | AC98: 10 | AD98: 10 | AE98: 8 | AF98: 85.5 | AG98: 9.1 | AH98: 0 | AI98: 0 | AJ98: green | AK98: 2 | AL98: November 15th, 2023 | AM98: Taiwan Coffee Laboratory 台灣咖啡研究室 | AN98: QAHWAH CO., LTD 4F, No. 225, Sec. 3, Beixin Rd., Xindian Dist. New Taipei City, Taiwan | AO98: Lin, Jen-An Neil 林仁安 - 886-289116612 | AP98: =AVERAGEIF(df_arabica_clean[Country of Origin],df_arabica_clean[[#This Row],[Country of Origin]],df_arabica_clean[Total Cup Points]) -> 84.350328 | AQ98: =+COUNTIF(df_arabica_clean[Country of Origin],df_arabica_clean[[#This Row],[Country of Origin]]) -> 61
A99: 54 | B99: 54 | C99: Taiwan | D99: 優遊吧斯瑪翡咖啡莊園 | E99: The 2022 Pacific Rim Coffee Summit,T029 | F99: 優遊吧斯瑪翡咖啡莊園 | G99: Taiwan Coffee Laboratory | H99: 1300 | I99: =IF(df_arabica_clean[[#This Row],[Altitude]] <= 2500, df_arabica_clean[[#This Row],[Altitude]], ROUND(df_arabica_clean[[#This Row],[Altitude]] / 3.281, 0)) -> 1300 | J99: =IF(df_arabica_clean[[#This Row],[Altitude]]>2500,"Convertido","Original") -> Original | K99: Chiayi | L99: 鄭虞坪 | M99: 1 | N99: 25 kg | O99: Taiwan Coffee Laboratory 台灣咖啡研究室 | P99: 2021 / 2022 | Q99: November 15th, 2022 | R99: Taiwan Coffee Laboratory 台灣咖啡研究室 | S99: SL34 | T99: Completed | U99: Natural / Dry | V99: 7.83 | W99: 7.83 | X99: 7.67 | Y99: 7.67 | Z99: 7.83 | AA99: 8 | AB99: 10 | AC99: 10 | AD99: 10 | AE99: 8 | AF99: 84.83 | AG99: 9.5 | AH99: 0 | AI99: 0 | AJ99: greenish | AK99: 0 | AL99: November 15th, 2023 | AM99: Taiwan Coffee Laboratory 台灣咖啡研究室 | AN99: QAHWAH CO., LTD 4F, No. 225, Sec. 3, Beixin Rd., Xindian Dist. New Taipei City, Taiwan | AO99: Lin, Jen-An Neil 林仁安 - 886-289116612 | AP99: =AVERAGEIF(df_arabica_clean[Country of Origin],df_arabica_clean[[#This Row],[Country of Origin]],df_arabica_clean[Total Cup Points]) -> 84.350328 | AQ99: =+COUNTIF(df_arabica_clean[Country of Origin],df_arabica_clean[[#This Row],[Country of Origin]]) -> 61
A100: 185 | B100: 185 | C100: Colombia | D100: More than one | E100: 1 | F100: Trilladora CCA Buga | G100: Mr.Brown Cafe | H100: 1574 | I100: =IF(df_arabica_clean[[#This Row],[Altitude]] <= 2500, df_arabica_clean[[#This Row],[Altitude]], ROUND(df_arabica_clean[[#This Row],[Altitude]] / 3.281, 0)) -> 1574 | J100: =IF(df_arabica_clean[[#This Row],[Altitude]]>2500,"Convertido","Original") -> Original | K100: Santander | L100: More than one | M100: 275 | N100: 70 kg | O100: Taiwan Coffee Laboratory 台灣咖啡研究室 | P100: 2021 | Q100: December 30th, 2022 | R100: MR.BROWN CAFE | S100: Santander | T100: Completed | U100: Washed / Wet | V100: 7.33 | W100: 7.5 | X100: 7.33 | Y100: 7.42 | Z100: 7.42 | AA100: 7.42 | AB100: 10 | AC100: 10 | AD100: 10 | AE100: 7.33 | AF100: 81.75 | AG100: 11.2 | AH100: 0 | AI100: 0 | AJ100: yellow-green | AK100: 0 | AL100: December 30th, 2023 | AM100: Taiwan Coffee Laboratory 台灣咖啡研究室 | AN100: QAHWAH CO., LTD 4F, No. 225, Sec. 3, Beixin Rd., Xindian Dist. New Taipei City, Taiwan | AO100: Lin, Jen-An Neil 林仁安 - 886-289116612 | AP100: =AVERAGEIF(df_arabica_clean[Country of Origin],df_arabica_clean[[#This Row],[Country of Origin]],df_arabica_clean[Total Cup Points]) -> 83.877368 | AQ100: =+COUNTIF(df_arabica_clean[Country of Origin],df_arabica_clean[[#This Row],[Country of Origin]]) -> 19
A101: 75 | B101: 75 | C101: United States (Hawaii) | D101: Miranda's Farm | E101: Islander’s Coffee for Pacific Rim Summit | F101: Greenwell | G101: Taiwan Coffee Laboratory | H101: 1300 | I101: =IF(df_arabica_clean[[#This Row],[Altitude]] <= 2500, df_arabica_clean[[#This Row],[Altitude]], ROUND(df_arabica_clean[[#This Row],[Altitude]] / 3.281, 0)) -> 1300 | J101: =IF(df_arabica_clean[[#This Row],[Altitude]]>2500,"Convertido","Original") -> Original | K101: Ka'u district of Big Island | L101: Jose & Berta Miranda | M101: 10 | N101: 10 kg | O101: Taiwan Coffee Laboratory 台灣咖啡研究室 | P101: 2022 | Q101: November 9th, 2022 | R101: Taiwan Coffee Laboratory 台灣咖啡研究室 | S101: Catuai | T101: Completed | U101: Washed / Wet | V101: 7.92 | W101: 7.83 | X101: 7.75 | Y101: 7.92 | Z101: 7.5 | AA101: 7.67 | AB101: 10 | AC101: 10 | AD101: 10 | AE101: 7.75 | AF101: 84.33 | AG101: 10.1 | AH101: 3 | AI101: 0 | AJ101: yellow-green | AK101: 7 | AL101: November 9th, 2023 | AM101: Taiwan Coffee Laboratory 台灣咖啡研究室 | AN101: QAHWAH CO., LTD 4F, No. 225, Sec. 3, Beixin Rd., Xindian Dist. New Taipei City, Taiwan | AO101: Lin, Jen-An Neil 林仁安 - 886-289116612 | AP101: =AVERAGEIF(df_arabica_clean[Country of Origin],df_arabica_clean[[#This Row],[Country of Origin]],df_arabica_clean[Total Cup Points]) -> 83.65 | AQ101: =+COUNTIF(df_arabica_clean[Country of Origin],df_arabica_clean[[#This Row],[Country of Origin]]) -> 5
A102: 2 | B102: 2 | C102: Laos | D102: OKLAO coffee farms | E102: The 2022 Pacific Rim Coffee Summit,LA01 | F102: oklao coffee processing plant | G102: Taiwan Coffee Laboratory | H102: 1300 | I102: =IF(df_arabica_clean[[#This Row],[Altitude]] <= 2500, df_arabica_clean[[#This Row],[Altitude]], ROUND(df_arabica_clean[[#This Row],[Altitude]] / 3.281, 0)) -> 1300 | J102: =IF(df_arabica_clean[[#This Row],[Altitude]]>2500,"Convertido","Original") -> Original | K102: Laos Borofen Plateau | L102: WU TAO CHI | M102: 19 | N102: 25 kg | O102: Taiwan Coffee Laboratory 台灣咖啡研究室 | P102: 2021 / 2022 | Q102: November 15th, 2022 | R102: Taiwan Coffee Laboratory 台灣咖啡研究室 | S102: Java | T102: Completed | U102: Semi Washed | V102: 8.33 | W102: 8.42 | X102: 8.08 | Y102: 8.17 | Z102: 7.92 | AA102: 8.17 | AB102: 10 | AC102: 10 | AD102: 10 | AE102: 8.33 | AF102: 87.42 | AG102: 10.4 | AH102: 0 | AI102: 0 | AJ102: yellowish | AK102: 2 | AL102: November 15th, 2023 | AM102: Taiwan Coffee Laboratory 台灣咖啡研究室 | AN102: QAHWAH CO., LTD 4F, No. 225, Sec. 3, Beixin Rd., Xindian Dist. New Taipei City, Taiwan | AO102: Lin, Jen-An Neil 林仁安 - 886-289116612 | AP102: =AVERAGEIF(df_arabica_clean[Country of Origin],df_arabica_clean[[#This Row],[Country of Origin]],df_arabica_clean[Total Cup Points]) -> 83.39 | AQ102: =+COUNTIF(df_arabica_clean[Country of Origin],df_arabica_clean[[#This Row],[Country of Origin]]) -> 3
A103: 96 | B103: 96 | C103: Thailand | D103: Baan San Charoen | E103: CQU2022016 | F103: Baan San Charoen | G103: Coffee Quality Union | H103: 1300 | I103: =IF(df_arabica_clean[[#This Row],[Altitude]] <= 2500, df_arabica_clean[[#This Row],[Altitude]], ROUND(df_arabica_clean[[#This Row],[Altitude]] / 3.281, 0)) -> 1300 | J103: =IF(df_arabica_clean[[#This Row],[Altitude]]>2500,"Convertido","Original") -> Original | K103: Nan | L103: Phaibul Kitcharoen | M103: 1 | N103: 30 kg | O103: Japan Coffee Exchange | P103: 2022 | Q103: September 21st, 2022 | R103: Coffee Quality Union | S103: Catimor | T103: Completed | U103: Natural / Dry | V103: 7.75 | W103: 7.67 | X103: 7.58 | Y103: 7.75 | Z103: 7.75 | AA103: 7.67 | AB103: 10 | AC103: 10 | AD103: 10 | AE103: 7.75 | AF103: 83.92 | AG103: 11.6 | AH103: 0 | AI103: 0 | AJ103: yellowish | AK103: 3 | AL103: September 21st, 2023 | AM103: Japan Coffee Exchange | AN103: 〒413-0002 静岡県熱海市伊豆山１１７３−５８ 1173-58 Izusan, Atami, Shizuoka, 413-0002 JAPAN | AO103: 松澤 宏樹 Koju Matsuzawa - +81(0)9085642901 | AP103: =AVERAGEIF(df_arabica_clean[Country of Origin],df_arabica_clean[[#This Row],[Country of Origin]],df_arabica_clean[Total Cup Points]) -> 82.8275 | AQ103: =+COUNTIF(df_arabica_clean[Country of Origin],df_arabica_clean[[#This Row],[Country of Origin]]) -> 12
A104: 127 | B104: 127 | C104: Thailand | D104: Doi Tung Development Project | E104: TYPICA 21/22 (Coffea Arabica) | F104: Dry Mill | G104: Doi Tung Development Project | H104: 1300 | I104: =IF(df_arabica_clean[[#This Row],[Altitude]] <= 2500, df_arabica_clean[[#This Row],[Altitude]], ROUND(df_arabica_clean[[#This Row],[Altitude]] / 3.281, 0)) -> 1300 | J104: =IF(df_arabica_clean[[#This Row],[Altitude]]>2500,"Convertido","Original") -> Original | K104: North of Thailand | L104: Doi Tung Development Project | M104: 2 | N104: 1 kg | O104: FABB Academy of Coffee | P104: 2022 | Q104: July 14th, 2022 | R104: Doi Tung Development Project | S104: Typica | T104: Completed | U104: Washed / Wet | V104: 7.92 | W104: 7.92 | X104: 7.75 | Y104: 7.33 | Z104: 7.58 | AA104: 7.5 | AB104: 10 | AC104: 10 | AD104: 10 | AE104: 7.33 | AF104: 83.33 | AG104: 12.3 | AH104: 0 | AI104: 0 | AJ104: yellow-green | AK104: 16 | AL104: July 14th, 2023 | AM104: FABB Academy of Coffee | AN104: FABB ACADEMY OF COFFEE 259/313 SUKHUMVIT 71 RD., SOI PRIDI BANOMYONG 15, VHADANA BKK, 10110 THAILAND | AO104: Janejira Kamonsawedkun - +(66) 095 095 9593 | AP104: =AVERAGEIF(df_arabica_clean[Country of Origin],df_arabica_clean[[#This Row],[Country of Origin]],df_arabica_clean[Total Cup Points]) -> 82.8275 | AQ104: =+COUNTIF(df_arabica_clean[Country of Origin],df_arabica_clean[[#This Row],[Country of Origin]]) -> 12
A105: 145 | B105: 145 | C105: Thailand | D105: Doi Tung Development Project | E105: GAYO 21/22 (Coffea Arabica) | F105: Dry Mill | G105: Doi Tung Development Project | H105: 1300 | I105: =IF(df_arabica_clean[[#This Row],[Altitude]] <= 2500, df_arabica_clean[[#This Row],[Altitude]], ROUND(df_arabica_clean[[#This Row],[Altitude]] / 3.281, 0)) -> 1300 | J105: =IF(df_arabica_clean[[#This Row],[Altitude]]>2500,"Convertido","Original") -> Original | K105: North of Thailand | L105: Doi Tung Development Project | M105: 2 | N105: 1 kg | O105: FABB Academy of Coffee | P105: 2022 | Q105: July 14th, 2022 | R105: Doi Tung Development Project | S105: Gayo | T105: Completed | U105: Washed / Wet | V105: 7.17 | W105: 7.92 | X105: 7.58 | Y105: 7.5 | Z105: 7.58 | AA105: 7.67 | AB105: 10 | AC105: 10 | AD105: 10 | AE105: 7.42 | AF105: 82.83 | AG105: 11.8 | AH105: 0 | AI105: 0 | AJ105: yellow-green | AK105: 5 | AL105: July 14th, 2023 | AM105: FABB Academy of Coffee | AN105: FABB ACADEMY OF COFFEE 259/313 SUKHUMVIT 71 RD., SOI PRIDI BANOMYONG 15, VHADANA BKK, 10110 THAILAND | AO105: Janejira Kamonsawedkun - +(66) 095 095 9593 | AP105: =AVERAGEIF(df_arabica_clean[Country of Origin],df_arabica_clean[[#This Row],[Country of Origin]],df_arabica_clean[Total Cup Points]) -> 82.8275 | AQ105: =+COUNTIF(df_arabica_clean[Country of Origin],df_arabica_clean[[#This Row],[Country of Origin]]) -> 12
A106: 190 | B106: 190 | C106: Thailand | D106: Doi Tung Development Project | E106: JAVA 21/22 (Coffea Arabica) | F106: Dry Mill | G106: Doi Tung Development Project | H106: 1300 | I106: =IF(df_arabica_clean[[#This Row],[Altitude]] <= 2500, df_arabica_clean[[#This Row],[Altitude]], ROUND(df_arabica_clean[[#This Row],[Altitude]] / 3.281, 0)) -> 1300 | J106: =IF(df_arabica_clean[[#This Row],[Altitude]]>2500,"Convertido","Original") -> Original | K106: North of Thailand | L106: Doi Tung Development Project | M106: 2 | N106: 1 kg | O106: FABB Academy of Coffee | P106: 2022 | Q106: July 14th, 2022 | R106: Doi Tung Development Project | S106: Java | T106: Completed | U106: Washed / Wet | V106: 7.33 | W106: 7.42 | X106: 7.25 | Y106: 7.33 | Z106: 7.5 | AA106: 7.42 | AB106: 10 | AC106: 10 | AD106: 10 | AE106: 7.17 | AF106: 81.42 | AG106: 11.6 | AH106: 2 | AI106: 0 | AJ106: green | AK106: 1 | AL106: July 14th, 2023 | AM106: FABB Academy of Coffee | AN106: FABB ACADEMY OF COFFEE 259/313 SUKHUMVIT 71 RD., SOI PRIDI BANOMYONG 15, VHADANA BKK, 10110 THAILAND | AO106: Janejira Kamonsawedkun - +(66) 095 095 9593 | AP106: =AVERAGEIF(df_arabica_clean[Country of Origin],df_arabica_clean[[#This Row],[Country of Origin]],df_arabica_clean[Total Cup Points]) -> 82.8275 | AQ106: =+COUNTIF(df_arabica_clean[Country of Origin],df_arabica_clean[[#This Row],[Country of Origin]]) -> 12
A107: 17 | B107: 17 | C107: Taiwan | D107: 東璧咖啡莊園 | E107: 202203 | F107: yes | G107: Dongbi coffee | H107: 1300 | I107: =IF(df_arabica_clean[[#This Row],[Altitude]] <= 2500, df_arabica_clean[[#This Row],[Altitude]], ROUND(df_arabica_clean[[#This Row],[Altitude]] / 3.281, 0)) -> 1300 | J107: =IF(df_arabica_clean[[#This Row],[Altitude]]>2500,"Convertido","Original") -> Original | K107: Shibi, Gukeng Township, Yunlin County 郵遞區號 , Taiwan (R.O.C.) | L107: 陳景立 | M107: 5 | N107: 2 kg | O107: Blossom Valley International宸嶧國際 | P107: 2022 | Q107: October 24th, 2022 | R107: Dongbi | S107: Gesha | T107: Completed | U107: Natural / Dry | V107: 8 | W107: 8.17 | X107: 8 | Y107: 7.92 | Z107: 7.92 | AA107: 7.92 | AB107: 10 | AC107: 10 | AD107: 10 | AE107: 8.17 | AF107: 86.08 | AG107: 10.3 | AH107: 0 | AI107: 0 | AJ107: yellow-green | AK107: 0 | AL107: October 24th, 2023 | AM107: Blossom Valley International宸嶧國際 | AN107: No.72 Mo-Fan St. Taiwan Zip: 403 | AO107: Damon Chen陳嘉峻 - +886423022323 | AP107: =AVERAGEIF(df_arabica_clean[Country of Origin],df_arabica_clean[[#This Row],[Country of Origin]],df_arabica_clean[Total Cup Points]) -> 84.350328 | AQ107: =+COUNTIF(df_arabica_clean[Country of Origin],df_arabica_clean[[#This Row],[Country of Origin]]) -> 61
A108: 198 | B108: 198 | C108: Colombia | D108: Finca Mallorca | E108: CQU2023001 | F108: Finca Mallorca | G108: Coffee Quality Union | H108: 1600 | I108: =IF(df_arabica_clean[[#This Row],[Altitude]] <= 2500, df_arabica_clean[[#This Row],[Altitude]], ROUND(df_arabica_clean[[#This Row],[Altitude]] / 3.281, 0)) -> 1600 | J108: =IF(df_arabica_clean[[#This Row],[Altitude]]>2500,"Convertido","Original") -> Original | K108: Caicedonia,Valle del Cauca | L108: Finca Mallorca | M108: 3 | N108: 10 kg | O108: Japan Coffee Exchange | P108: 2022 | Q108: March 6th, 2023 | R108: Coffee Quality Union | S108: Castillo,Caturra,Bourbon | T108: Completed | U108: Washed / Wet | V108: 7.25 | W108: 7.25 | X108: 7.17 | Y108: 7.33 | Z108: 7 | AA108: 7.17 | AB108: 10 | AC108: 10 | AD108: 10 | AE108: 7.25 | AF108: 80.42 | AG108: 11 | AH108: 0 | AI108: 3 | AJ108: greenish | AK108: 3 | AL108: March 5th, 2024 | AM108: Japan Coffee Exchange | AN108: 〒413-0002 静岡県熱海市伊豆山１１７３−５８ 1173-58 Izusan, Atami, Shizuoka, 413-0002 JAPAN | AO108: 松澤 宏樹 Koju Matsuzawa - +81(0)9085642901 | AP108: =AVERAGEIF(df_arabica_clean[Country of Origin],df_arabica_clean[[#This Row],[Country of Origin]],df_arabica_clean[Total Cup Points]) -> 83.877368 | AQ108: =+COUNTIF(df_arabica_clean[Country of Origin],df_arabica_clean[[#This Row],[Country of Origin]]) -> 19
A109: 139 | B109: 139 | C109: Colombia | D109: EL PRADO | E109: 3-59-0654 | F109: NEIVA | G109: carcafe ltda | H109: 1650 | I109: =IF(df_arabica_clean[[#This Row],[Altitude]] <= 2500, df_arabica_clean[[#This Row],[Altitude]], ROUND(df_arabica_clean[[#This Row],[Altitude]] / 3.281, 0)) -> 1650 | J109: =IF(df_arabica_clean[[#This Row],[Altitude]]>2500,"Convertido","Original") -> Original | K109: HUILA | L109: FRANKLIN DUSSAN | M109: 600 | N109: 30 kg | O109: ASOCIACIÓN COLOMBIANA PARA LA EXCELENCIA DEL CAFE | P109: 2022 / 2023 | Q109: January 13th, 2023 | R109: rodrigo amaya | S109: Caturra | T109: Completed | U109: Washed / Wet | V109: 8 | W109: 7.67 | X109: 7.42 | Y109: 7.58 | Z109: 7.58 | AA109: 7.42 | AB109: 10 | AC109: 10 | AD109: 10 | AE109: 7.33 | AF109: 83 | AG109: 13.1 | AH109: 0 | AI109: 0 | AJ109: bluish-green | AK109: 1 | AL109: January 13th, 2024 | AM109: ASOCIACIÓN COLOMBIANA PARA LA EXCELENCIA DEL CAFE | AN109: Calle 60A #3D-32 / Planta Baja / CQ Lab ASECC | AO109: Carlos Julian Ruiz - 3212026991 | AP109: =AVERAGEIF(df_arabica_clean[Country of Origin],df_arabica_clean[[#This Row],[Country of Origin]],df_arabica_clean[Total Cup Points]) -> 83.877368 | AQ109: =+COUNTIF(df_arabica_clean[Country of Origin],df_arabica_clean[[#This Row],[Country of Origin]]) -> 19
... A118: 24 | B118: 24 | C118: Taiwan | D118: 永舜咖啡莊園 | E118: The 2022 Pacific Rim Coffee Summit, T003 | F118: 永舜咖啡莊園 | G118: Taiwan Coffee Laboratory | H118: 1250 | I118: =IF(df_arabica_clean[[#This Row],[Altitude]] <= 2500, df_arabica_clean[[#This Row],[Altitude]], ROUND(df_arabica_clean[[#This Row],[Altitude]] / 3.281, 0)) -> 1250 | J118: =IF(df_arabica_clean[[#This Row],[Altitude]]>2500,"Convertido","Original") -> Original | K118: Yunlin | L118: 蘇甘永 | M118: 4 | N118: 50 kg | O118: Taiwan Coffee Laboratory 台灣咖啡研究室 | P118: 2021 / 2022 | Q118: November 15th, 2022 | R118: Taiwan Coffee Laboratory 台灣咖啡研究室 | S118: SL34 | T118: Completed | U118: Washed / Wet | V118: 7.83 | W118: 8 | X118: 7.92 | Y118: 8 | Z118: 8 | AA118: 7.92 | AB118: 10 | AC118: 10 | AD118: 10 | AE118: 7.92 | AF118: 85.58 | AG118: 10.6 | AH118: 0 | AI118: 0 | AJ118: bluish-green | AK118: 0 | AL118: November 15th, 2023 | AM118: Taiwan Coffee Laboratory 台灣咖啡研究室 | AN118: QAHWAH CO., LTD 4F, No. 225, Sec. 3, Beixin Rd., Xindian Dist. New Taipei City, Taiwan | AO118: Lin, Jen-An Neil 林仁安 - 886-289116612 | AP118: =AVERAGEIF(df_arabica_clean[Country of Origin],df_arabica_clean[[#This Row],[Country of Origin]],df_arabica_clean[Total Cup Points]) -> 84.350328 | AQ118: =+COUNTIF(df_arabica_clean[Country of Origin],df_arabica_clean[[#This Row],[Country of Origin]]) -> 61
A119: 51 | B119: 51 | C119: Indonesia | D119: PT Indo CafCo North Sumatera | E119: 016/1513/262 | F119: PT Indo CafCo | G119: InterAmerican Coffee | H119: 1200 | I119: =IF(df_arabica_clean[[#This Row],[Altitude]] <= 2500, df_arabica_clean[[#This Row],[Altitude]], ROUND(df_arabica_clean[[#This Row],[Altitude]] / 3.281, 0)) -> 1200 | J119: =IF(df_arabica_clean[[#This Row],[Altitude]]>2500,"Convertido","Original") -> Original | K119: Aceh Tengah | L119: PT Indo CafCo North Sumatera | M119: 320 | N119: 60 kg | O119: NKG Quality Service (a division of Bernhard Rothfos Intercafé AG) | P119: 2022 | Q119: September 23rd, 2022 | R119: Charles Umeano | S119: Catimor | T119: Completed | V119: 7.83 | W119: 7.92 | X119: 7.75 | Y119: 7.83 | Z119: 7.83 | AA119: 7.83 | AB119: 10 | AC119: 10 | AD119: 10 | AE119: 7.83 | AF119: 84.83 | AG119: 11.9 | AH119: 0 | AI119: 3 | AJ119: bluish-green | AK119: 2 | AL119: September 23rd, 2023 | AM119: NKG Quality Service (a division of Bernhard Rothfos Intercafé AG) | AN119: Bahnhofstrasse 22 6300 Zug, Switzerland | AO119: Tirza Odermatt - +41 41 728 72 81 | AP119: =AVERAGEIF(df_arabica_clean[Country of Origin],df_arabica_clean[[#This Row],[Country of Origin]],df_arabica_clean[Total Cup Points]) -> 83.693333 | AQ119: =+COUNTIF(df_arabica_clean[Country of Origin],df_arabica_clean[[#This Row],[Country of Origin]]) -> 3
A120: 149 | B120: 149 | C120: Colombia | D120: Federación Nacional de Cafeteros de Colombia | E120: 3/01/12857 | F120: Federación Nacional de Cafeteros de Colombia | G120: NIPPON COFFEE TRADING CO.,LTD. | H120: 1700 | I120: =IF(df_arabica_clean[[#This Row],[Altitude]] <= 2500, df_arabica_clean[[#This Row],[Altitude]], ROUND(df_arabica_clean[[#This Row],[Altitude]] / 3.281, 0)) -> 1700 | J120: =IF(df_arabica_clean[[#This Row],[Altitude]]>2500,"Convertido","Original") -> Original | K120: Huila | L120: Federación Nacional de Cafeteros de Colombia | M120: 250 | N120: 70 kg | O120: Japan Coffee Exchange | P120: 2022 | Q120: July 11th, 2022 | R120: Yukinobu Ueda | S120: Caturra | T120: Completed | U120: Washed / Wet | V120: 7.58 | W120: 7.67 | X120: 7.58 | Y120: 7.5 | Z120: 7.33 | AA120: 7.5 | AB120: 10 | AC120: 10 | AD120: 10 | AE120: 7.5 | AF120: 82.67 | AG120: 11.8 | AH120: 0 | AI120: 1 | AJ120: green | AK120: 2 | AL120: July 11th, 2023 | AM120: Japan Coffee Exchange | AN120: 〒413-0002 静岡県熱海市伊豆山１１７３−５８ 1173-58 Izusan, Atami, Shizuoka, 413-0002 JAPAN | AO120: 松澤 宏樹 Koju Matsuzawa - +81(0)9085642901 | AP120: =AVERAGEIF(df_arabica_clean[Country of Origin],df_arabica_clean[[#This Row],[Country of Origin]],df_arabica_clean[Total Cup Points]) -> 83.877368 | AQ120: =+COUNTIF(df_arabica_clean[Country of Origin],df_arabica_clean[[#This Row],[Country of Origin]]) -> 19
A121: 101 | B121: 101 | C121: Colombia | D121: N / A | E121: 3-0068-00886 | F121: Trilladora Popayán | G121: ECOM COLOMBIA | H121: 1700 | I121: =IF(df_arabica_clean[[#This Row],[Altitude]] <= 2500, df_arabica_clean[[#This Row],[Altitude]], ROUND(df_arabica_clean[[#This Row],[Altitude]] / 3.281, 0)) -> 1700 | J121: =IF(df_arabica_clean[[#This Row],[Altitude]]>2500,"Convertido","Original") -> Original | K121: Cauca | L121: Regional producers | M121: 285 | N121: 70 kg | O121: ASOCIACIÓN COLOMBIANA PARA LA EXCELENCIA DEL CAFE | P121: 2022 / 2023 | Q121: February 22nd, 2023 | R121: Raúl Vargas | S121: Caturra | T121: Completed | U121: Washed / Wet | V121: 7.92 | W121: 7.75 | X121: 7.42 | Y121: 7.58 | Z121: 7.92 | AA121: 7.67 | AB121: 10 | AC121: 10 | AD121: 10 | AE121: 7.58 | AF121: 83.83 | AG121: 12.1 | AH121: 2 | AI121: 5 | AJ121: green | AK121: 5 | AL121: February 22nd, 2024 | AM121: ASOCIACIÓN COLOMBIANA PARA LA EXCELENCIA DEL CAFE | AN121: Calle 60A #3D-32 / Planta Baja / CQ Lab ASECC | AO121: Carlos Julian Ruiz - 3212026991 | AP121: =AVERAGEIF(df_arabica_clean[Country of Origin],df_arabica_clean[[#This Row],[Country of Origin]],df_arabica_clean[Total Cup Points]) -> 83.877368 | AQ121: =+COUNTIF(df_arabica_clean[Country of Origin],df_arabica_clean[[#This Row],[Country of Origin]]) -> 19
A122: 103 | B122: 103 | C122: Colombia | D122: La Gallera | E122: The 2022 Pacific Rim Coffee Summit,CO02 | F122: La Gallera | G122: Taiwan Coffee Laboratory | H122: 1800 | I122: =IF(df_arabica_clean[[#This Row],[Altitude]] <= 2500, df_arabica_clean[[#This Row],[Altitude]], ROUND(df_arabica_clean[[#This Row],[Altitude]] / 3.281, 0)) -> 1800 | J122: =IF(df_arabica_clean[[#This Row],[Altitude]]>2500,"Convertido","Original") -> Original | K122: Tolima | L122: Oscar Javier Paez & Family | M122: 40 | N122: 35 kg | O122: Taiwan Coffee Laboratory 台灣咖啡研究室 | P122: 2022 | Q122: November 15th, 2022 | R122: PeiHsun Lin | S122: Bourbon Sidra | T122: Completed | U122: Pulped natural / honey | V122: 7.67 | W122: 7.92 | X122: 7.67 | Y122: 7.58 | Z122: 7.67 | AA122: 7.67 | AB122: 10 | AC122: 10 | AD122: 10 | AE122: 7.58 | AF122: 83.75 | AG122: 10.6 | AH122: 0 | AI122: 0 | AJ122: greenish | AK122: 1 | AL122: November 15th, 2023 | AM122: Taiwan Coffee Laboratory 台灣咖啡研究室 | AN122: QAHWAH CO., LTD 4F, No. 225, Sec. 3, Beixin Rd., Xindian Dist. New Taipei City, Taiwan | AO122: Lin, Jen-An Neil 林仁安 - 886-289116612 | AP122: =AVERAGEIF(df_arabica_clean[Country of Origin],df_arabica_clean[[#This Row],[Country of Origin]],df_arabica_clean[Total Cup Points]) -> 83.877368 | AQ122: =+COUNTIF(df_arabica_clean[Country of Origin],df_arabica_clean[[#This Row],[Country of Origin]]) -> 19
A123: 14 | B123: 14 | C123: Colombia | D123: La Gaitania | E123: The 2022 Pacific Rim Coffee Summit,CO03 | F123: La Gaitania | G123: Taiwan Coffee Laboratory | H123: 1850 | I123: =IF(df_arabica_clean[[#This Row],[Altitude]] <= 2500, df_arabica_clean[[#This Row],[Altitude]], ROUND(df_arabica_clean[[#This Row],[Altitude]] / 3.281, 0)) -> 1850 | J123: =IF(df_arabica_clean[[#This Row],[Altitude]]>2500,"Convertido","Original") -> Original | K123: tolima | L123: Josue Enciso Suarez | M123: 70 | N123: 35 kg | O123: Taiwan Coffee Laboratory 台灣咖啡研究室 | P123: 2021 / 2022 | Q123: November 15th, 2022 | R123: PeiHsun Lin | S123: Caturra | T123: Completed | U123: Washed / Wet | V123: 8.08 | W123: 8 | X123: 8.08 | Y123: 7.92 | Z123: 8.08 | AA123: 8 | AB123: 10 | AC123: 10 | AD123: 10 | AE123: 8 | AF123: 86.17 | AG123: 10.6 | AH123: 0 | AI123: 0 | AJ123: green | AK123: 0 | AL123: November 15th, 2023 | AM123: Taiwan Coffee Laboratory 台灣咖啡研究室 | AN123: QAHWAH CO., LTD 4F, No. 225, Sec. 3, Beixin Rd., Xindian Dist. New Taipei City, Taiwan | AO123: Lin, Jen-An Neil 林仁安 - 886-289116612 | AP123: =AVERAGEIF(df_arabica_clean[Country of Origin],df_arabica_clean[[#This Row],[Country of Origin]],df_arabica_clean[Total Cup Points]) -> 83.877368 | AQ123: =+COUNTIF(df_arabica_clean[Country of Origin],df_arabica_clean[[#This Row],[Country of Origin]]) -> 19
A124: 4 | B124: 4 | C124: Colombia | D124: Finca Santuario | E124: CQU2023002 | F124: Finca Santuario | G124: Coffee Quality Union | H124: 1850 | I124: =IF(df_arabica_clean[[#This Row],[Altitude]] <= 2500, df_arabica_clean[[#This Row],[Altitude]], ROUND(df_arabica_clean[[#This Row],[Altitude]] / 3.281, 0)) -> 1850 | J124: =IF(df_arabica_clean[[#This Row],[Altitude]]>2500,"Convertido","Original") -> Original | K124: Popayan,Cauca | L124: Camilo Merizalde | M124: 2 | N124: 24 kg | O124: Japan Coffee Exchange | P124: 2022 | Q124: March 6th, 2023 | R124: Coffee Quality Union | S124: Red Bourbon | T124: Completed | U124: Honey,Mossto | V124: 8.33 | W124: 8.33 | X124: 8.08 | Y124: 8.25 | Z124: 7.92 | AA124: 7.92 | AB124: 10 | AC124: 10 | AD124: 10 | AE124: 8.25 | AF124: 87.08 | AG124: 11.6 | AH124: 0 | AI124: 2 | AJ124: yellow-green | AK124: 2 | AL124: March 5th, 2024 | AM124: Japan Coffee Exchange | AN124: 〒413-0002 静岡県熱海市伊豆山１１７３−５８ 1173-58 Izusan, Atami, Shizuoka, 413-0002 JAPAN | AO124: 松澤 宏樹 Koju Matsuzawa - +81(0)9085642901 | AP124: =AVERAGEIF(df_arabica_clean[Country of Origin],df_arabica_clean[[#This Row],[Country of Origin]],df_arabica_clean[Total Cup Points]) -> 83.877368 | AQ124: =+COUNTIF(df_arabica_clean[Country of Origin],df_arabica_clean[[#This Row],[Country of Origin]]) -> 19
A125: 78 | B125: 78 | C125: Colombia | D125: Asociacion Tayronaca | E125: NPCO-17418 | F125: Trilladora Santa Tirsa | G125: Sucafina NA | H125: 2100 | I125: =IF(df_arabica_clean[[#This Row],[Altitude]] <= 2500, df_arabica_clean[[#This Row],[Altitude]], ROUND(df_arabica_clean[[#This Row],[Altitude]] / 3.281, 0)) -> 2100 | J125: =IF(df_arabica_clean[[#This Row],[Altitude]]>2500,"Convertido","Original") -> Original | K125: Sierra Nevada de Santa Marta | L125: Grupo Tap | M125: 275 | N125: 70 kg | O125: ASOCIACIÓN COLOMBIANA PARA LA EXCELENCIA DEL CAFE | P125: 2021 / 2022 | Q125: May 11th, 2022 | R125: Sucafina Colombia SAS | S125: Castillo and Colombia blend | T125: Completed | U125: Washed / Wet | V125: 7.75 | W125: 7.75 | X125: 7.75 | Y125: 7.75 | Z125: 7.83 | AA125: 7.67 | AB125: 10 | AC125: 10 | AD125: 10 | AE125: 7.83 | AF125: 84.33 | AG125: 11.6 | AH125: 0 | AI125: 0 | AJ125: green | AK125: 1 | AL125: May 11th, 2023 | AM125: ASOCIACIÓN COLOMBIANA PARA LA EXCELENCIA DEL CAFE | AN125: Calle 60A #3D-32 / Planta Baja / CQ Lab ASECC | AO125: Carlos Julian Ruiz - 3212026991 | AP125: =AVERAGEIF(df_arabica_clean[Country of Origin],df_arabica_clean[[#This Row],[Country of Origin]],df_arabica_clean[Total Cup Points]) -> 83.877368 | AQ125: =+COUNTIF(df_arabica_clean[Country of Origin],df_arabica_clean[[#This Row],[Country of Origin]]) -> 19
A126: 180 | B126: 180 | C126: Guatemala | D126: MULTIPLE SMALLHOLDER FARMS | E126: GF-23392 | F126: MULTIPLE SMALLHOLDER FARMS | G126: HARU International Corp, 守成咖啡 | H126: 1200 | I126: =IF(df_arabica_clean[[#This Row],[Altitude]] <= 2500, df_arabica_clean[[#This Row],[Altitude]], ROUND(df_arabica_clean[[#This Row],[Altitude]] / 3.281, 0)) -> 1200 | J126: =IF(df_arabica_clean[[#This Row],[Altitude]]>2500,"Convertido","Original") -> Original | K126: Antigua | L126: La Minita | M126: 540 | N126: 30 kg | O126: Taiwan Coffee Laboratory 台灣咖啡研究室 | P126: 2022 | Q126: November 3rd, 2022 | R126: Anderson Wong | S126: Caturra | T126: Completed | U126: Washed / Wet | V126: 7.33 | W126: 7.42 | X126: 7.33 | Y126: 7.42 | Z126: 7.58 | AA126: 7.42 | AB126: 10 | AC126: 10 | AD126: 10 | AE126: 7.42 | AF126: 81.92 | AG126: 10.3 | AH126: 0 | AI126: 0 | AJ126: greenish | AK126: 1 | AL126: November 3rd, 2023 | AM126: Taiwan Coffee Laboratory 台灣咖啡研究室 | AN126: QAHWAH CO., LTD 4F, No. 225, Sec. 3, Beixin Rd., Xindian Dist. New Taipei City, Taiwan | AO126: Lin, Jen-An Neil 林仁安 - 886-289116612 | AP126: =AVERAGEIF(df_arabica_clean[Country of Origin],df_arabica_clean[[#This Row],[Country of Origin]],df_arabica_clean[Total Cup Points]) -> 84.301429 | AQ126: =+COUNTIF(df_arabica_clean[Country of Origin],df_arabica_clean[[#This Row],[Country of Origin]]) -> 21
A127: 122 | B127: 122 | C127: Guatemala | D127: MI CAFECITO & LA PROVIDENCIA | E127: 1 | F127: MI CAFECITO + AGUA SANTA LA PROVIDENCIA + AGUA SANTA | G127: Mr.Brown Cafe | H127: 1280 | I127: =IF(df_arabica_clean[[#This Row],[Altitude]] <= 2500, df_arabica_clean[[#This Row],[Altitude]], ROUND(df_arabica_clean[[#This Row],[Altitude]] / 3.281, 0)) -> 1280 | J127: =IF(df_arabica_clean[[#This Row],[Altitude]]>2500,"Convertido","Original") -> Original | K127: NEW ORIENTE & HUEHUETENANGO | L127: 500 PRODUCERS | M127: 320 | N127: 60 kg | O127: Taiwan Coffee Laboratory 台灣咖啡研究室 | P127: 2021 | Q127: December 30th, 2022 | R127: MR.BROWN CAFE | S127: MARSELLESA, CATUAI, CATURRA & MARSELLESA, ANACAFE 14, CATUAI | T127: Completed | U127: Washed / Wet | V127: 7.5 | W127: 7.75 | X127: 7.58 | Y127: 7.75 | Z127: 7.67 | AA127: 7.58 | AB127: 10 | AC127: 10 | AD127: 10 | AE127: 7.5 | AF127: 83.33 | AG127: 11.4 | AH127: 0 | AI127: 0 | AJ127: green | AK127: 0 | AL127: December 30th, 2023 | AM127: Taiwan Coffee Laboratory 台灣咖啡研究室 | AN127: QAHWAH CO., LTD 4F, No. 225, Sec. 3, Beixin Rd., Xindian Dist. New Taipei City, Taiwan | AO127: Lin, Jen-An Neil 林仁安 - 886-289116612 | AP127: =AVERAGEIF(df_arabica_clean[Country of Origin],df_arabica_clean[[#This Row],[Country of Origin]],df_arabica_clean[Total Cup Points]) -> 84.301429 | AQ127: =+COUNTIF(df_arabica_clean[Country of Origin],df_arabica_clean[[#This Row],[Country of Origin]]) -> 21
A128: 151 | B128: 151 | C128: Thailand | D128: Kevin Coffee | E128: 21/22 | F128: Dry mill | G128: Square Root | H128: 1200 | I128: =IF(df_arabica_clean[[#This Row],[Altitude]] <= 2500, df_arabica_clean[[#This Row],[Altitude]], ROUND(df_arabica_clean[[#This Row],[Altitude]] / 3.281, 0)) -> 1200 | J128: =IF(df_arabica_clean[[#This Row],[Altitude]]>2500,"Convertido","Original") -> Original | K128: Chiang Mai | L128: Kevin Wattana | M128: 6 | N128: 50 kg | O128: Specialty Coffee Institute of Thailand | P128: 2021 / 2022 | Q128: June 14th, 2022 | R128: Sajcha tawaytibhong | S128: Bourbon, Catimor, Caturra, Typica | T128: Completed | U128: Natural / Dry | V128: 7.5 | W128: 7.58 | X128: 7.5 | Y128: 7.42 | Z128: 7.5 | AA128: 7.58 | AB128: 10 | AC128: 10 | AD128: 10 | AE128: 7.58 | AF128: 82.67 | AG128: 11.2 | AH128: 0 | AI128: 0 | AJ128: yellow green | AK128: 0 | AL128: June 14th, 2023 | AM128: Specialty Coffee Institute of Thailand | AN128: No.76-82 Satri Wittaya 2 Soi 6, Ladplao, Bangkok 10230 Thailand | AO128: Rinlapat Siwachairot - +66 2 118 0811, +66 926462492 | AP128: =AVERAGEIF(df_arabica_clean[Country of Origin],df_arabica_clean[[#This Row],[Country of Origin]],df_arabica_clean[Total Cup Points]) -> 82.8275 | AQ128: =+COUNTIF(df_arabica_clean[Country of Origin],df_arabica_clean[[#This Row],[Country of Origin]]) -> 12
A129: 74 | B129: 74 | C129: Guatemala | D129: Finca Alta Luz | E129: 11-63-657 | G129: Retrillas del pacifico, s.a. | H129: 1300 | I129: =IF(df_arabica_clean[[#This Row],[Altitude]] <= 2500, df_arabica_clean[[#This Row],[Altitude]], ROUND(df_arabica_clean[[#This Row],[Altitude]] / 3.281, 0)) -> 1300 | J129: =IF(df_arabica_clean[[#This Row],[Altitude]]>2500,"Convertido","Original") -> Original | K129: Huehuetenango | L129: Maria de los Angeles Perez | M129: 600 | N129: 30 kg | O129: Asociacion Nacional Del Café | P129: 2022 / 2023 | Q129: April 26th, 2023 | R129: Yesica Alejandra Martìnez Vàsquez | S129: Bourbon | T129: Completed | U129: Washed / Wet | V129: 7.67 | W129: 7.83 | X129: 7.75 | Y129: 7.75 | Z129: 7.83 | AA129: 7.75 | AB129: 10 | AC129: 10 | AD129: 10 | AE129: 7.75 | AF129: 84.33 | AG129: 9.2 | AH129: 0 | AI129: 1 | AJ129: green | AK129: 5 | AL129: April 25th, 2024 | AM129: Asociacion Nacional Del Café | AN129: 5a Calle 0-50, Zona 14 Guatemala City, Guatemala 1014 | AO129: Brayan Cifuentes - | AP129: =AVERAGEIF(df_arabica_clean[Country of Origin],df_arabica_clean[[#This Row],[Country of Origin]],df_arabica_clean[Total Cup Points]) -> 84.301429 | AQ129: =+COUNTIF(df_arabica_clean[Country of Origin],df_arabica_clean[[#This Row],[Country of Origin]]) -> 21
A130: 1 | B130: 1 | C130: Taiwan | D130: Royal Bean Geisha Estate | E130: The 2022 Pacific Rim Coffee Summit,T037 | F130: Royal Bean Geisha Estate | G130: Taiwan Coffee Laboratory | H130: 1200 | I130: =IF(df_arabica_clean[[#This Row],[Altitude]] <= 2500, df_arabica_clean[[#This Row],[Altitude]], ROUND(df_arabica_clean[[#This Row],[Altitude]] / 3.281, 0)) -> 1200 | J130: =IF(df_arabica_clean[[#This Row],[Altitude]]>2500,"Convertido","Original") -> Original | K130: Chiayi | L130: 曾福森 | M130: 1 | N130: 80 kg | O130: Taiwan Coffee Laboratory 台灣咖啡研究室 | P130: 2021 / 2022 | Q130: November 15th, 2022 | R130: Taiwan Coffee Laboratory 台灣咖啡研究室 | S130: Gesha | T130: Completed | U130: Washed / Wet | V130: 8.5 | W130: 8.5 | X130: 7.92 | Y130: 8 | Z130: 7.92 | AA130: 8.25 | AB130: 10 | AC130: 10 | AD130: 10 | AE130: 8.5 | AF130: 87.58 | AG130: 10.5 | AH130: 0 | AI130: 0 | AJ130: blue-green | AK130: 0 | AL130: November 15th, 2023 | AM130: Taiwan Coffee Laboratory 台灣咖啡研究室 | AN130: QAHWAH CO., LTD 4F, No. 225, Sec. 3, Beixin Rd., Xindian Dist. New Taipei City, Taiwan | AO130: Lin, Jen-An Neil 林仁安 - 886-289116612 | AP130: =AVERAGEIF(df_arabica_clean[Country of Origin],df_arabica_clean[[#This Row],[Country of Origin]],df_arabica_clean[Total Cup Points]) -> 84.350328 | AQ130: =+COUNTIF(df_arabica_clean[Country of Origin],df_arabica_clean[[#This Row],[Country of Origin]]) -> 61
A131: 7 | B131: 7 | C131: Taiwan | D131: 七彩琉璃咖啡莊園 Chi Tsai Liu Li Ecological Farm | E131: The 2022 Pacific Rim Coffee Summit,T050 | F131: 七彩琉璃咖啡莊園 | G131: Taiwan Coffee Laboratory | H131: 1200 | I131: =IF(df_arabica_clean[[#This Row],[Altitude]] <= 2500, df_arabica_clean[[#This Row],[Altitude]], ROUND(df_arabica_clean[[#This Row],[Altitude]] / 3.281, 0)) -> 1200 | J131: =IF(df_arabica_clean[[#This Row],[Altitude]]>2500,"Convertido","Original") -> Original | K131: Chiayi | L131: 莊家榮 | M131: 1 | N131: 90 kg | O131: Taiwan Coffee Laboratory 台灣咖啡研究室 | P131: 2021 / 2022 | Q131: November 15th, 2022 | R131: Taiwan Coffee Laboratory 台灣咖啡研究室 | S131: Sl34+Gesha | T131: Completed | U131: Natural / Dry | V131: 8.25 | W131: 8.25 | X131: 8.17 | Y131: 8 | Z131: 7.92 | AA131: 8.08 | AB131: 10 | AC131: 10 | AD131: 10 | AE131: 8.08 | AF131: 86.75 | AG131: 10 | AH131: 0 | AI131: 0 | AJ131: yellow green | AK131: 1 | AL131: November 15th, 2023 | AM131: Taiwan Coffee Laboratory 台灣咖啡研究室 | AN131: QAHWAH CO., LTD 4F, No. 225, Sec. 3, Beixin Rd., Xindian Dist. New Taipei City, Taiwan | AO131: Lin, Jen-An Neil 林仁安 - 886-289116612 | AP131: =AVERAGEIF(df_arabica_clean[Country of Origin],df_arabica_clean[[#This Row],[Country of Origin]],df_arabica_clean[Total Cup Points]) -> 84.350328 | AQ131: =+COUNTIF(df_arabica_clean[Country of Origin],df_arabica_clean[[#This Row],[Country of Origin]]) -> 61
A132: 36 | B132: 36 | C132: Taiwan | D132: 卓武山咖啡農場 | E132: The 2022 Pacific Rim Coffee Summit, T004 | F132: 卓武山咖啡農場 | G132: Taiwan Coffee Laboratory | H132: 1200 | I132: =IF(df_arabica_clean[[#This Row],[Altitude]] <= 2500, df_arabica_clean[[#This Row],[Altitude]], ROUND(df_arabica_clean[[#This Row],[Altitude]] / 3.281, 0)) -> 1200 | J132: =IF(df_arabica_clean[[#This Row],[Altitude]]>2500,"Convertido","Original") -> Original | K132: Chiayi | L132: 許定燁 | M132: 1 | N132: 100 kg | O132: Taiwan Coffee Laboratory 台灣咖啡研究室 | P132: 2021 / 2022 | Q132: November 15th, 2022 | R132: Hsu Ting Yey許定燁 | S132: Gesha | T132: Completed | U132: Washed / Wet | V132: 8 | W132: 7.92 | X132: 7.83 | Y132: 7.92 | Z132: 7.83 | AA132: 7.83 | AB132: 10 | AC132: 10 | AD132: 10 | AE132: 7.92 | AF132: 85.25 | AG132: 9.5 | AH132: 0 | AI132: 0 | AJ132: bluish-green | AK132: 0 | AL132: November 15th, 2023 | AM132: Taiwan Coffee Laboratory 台灣咖啡研究室 | AN132: QAHWAH CO., LTD 4F, No. 225, Sec. 3, Beixin Rd., Xindian Dist. New Taipei City, Taiwan | AO132: Lin, Jen-An Neil 林仁安 - 886-289116612 | AP132: =AVERAGEIF(df_arabica_clean[Country of Origin],df_arabica_clean[[#This Row],[Country of Origin]],df_arabica_clean[Total Cup Points]) -> 84.350328 | AQ132: =+COUNTIF(df_arabica_clean[Country of Origin],df_arabica_clean[[#This Row],[Country of Origin]]) -> 61
A133: 177 | B133: 177 | C133: Guatemala | D133: Not Specificated | E133: SA4238 | F133: Dry Mill of Exportcafe | G133: Marubeni Corporation | H133: 1350 | I133: =IF(df_arabica_clean[[#This Row],[Altitude]] <= 2500, df_arabica_clean[[#This Row],[Altitude]], ROUND(df_arabica_clean[[#This Row],[Altitude]] / 3.281, 0)) -> 1350 | J133: =IF(df_arabica_clean[[#This Row],[Altitude]]>2500,"Convertido","Original") -> Original | K133: Oriente | L133: Exportcafe, S.A. | M133: 275 | N133: 69 kg | O133: Japan Coffee Exchange | P133: 2021 / 2022 | Q133: November 28th, 2022 | R133: Ikuto Uehara | T133: Completed | U133: Washed / Wet | V133: 7.42 | W133: 7.42 | X133: 7.42 | Y133: 7.33 | Z133: 7.5 | AA133: 7.42 | AB133: 10 | AC133: 10 | AD133: 10 | AE133: 7.5 | AF133: 82 | AG133: 11.5 | AH133: 0 | AI133: 1 | AJ133: blue-green | AK133: 2 | AL133: November 28th, 2023 | AM133: Japan Coffee Exchange | AN133: 〒413-0002 静岡県熱海市伊豆山１１７３−５８ 1173-58 Izusan, Atami, Shizuoka, 413-0002 JAPAN | AO133: 松澤 宏樹 Koju Matsuzawa - +81(0)9085642901 | AP133: =AVERAGEIF(df_arabica_clean[Country of Origin],df_arabica_clean[[#This Row],[Country of Origin]],df_arabica_clean[Total Cup Points]) -> 84.301429 | AQ133: =+COUNTIF(df_arabica_clean[Country of Origin],df_arabica_clean[[#This Row],[Country of Origin]]) -> 21
A134: 18 | B134: 18 | C134: Taiwan | D134: 櫻桃果古坑咖啡莊園 | E134: 202112 | F134: yes | G134: 宸嶧國際有限公司 | H134: 1200 | I134: =IF(df_arabica_clean[[#This Row],[Altitude]] <= 2500, df_arabica_clean[[#This Row],[Altitude]], ROUND(df_arabica_clean[[#This Row],[Altitude]] / 3.281, 0)) -> 1200 | J134: =IF(df_arabica_clean[[#This Row],[Altitude]]>2500,"Convertido","Original") -> Original | K134: Gukeng Township, Yunlin County | L134: 王瀅惠 | M134: 8 | N134: 1 kg | O134: Blossom Valley International宸嶧國際 | P134: 2021 / 2022 | Q134: October 24th, 2022 | R134: 王瀅惠 | S134: Gesha | T134: Completed | U134: Natural / Dry | V134: 8.08 | W134: 8.17 | X134: 7.75 | Y134: 7.92 | Z134: 7.83 | AA134: 8 | AB134: 10 | AC134: 10 | AD134: 10 | AE134: 8.17 | AF134: 85.92 | AG134: 11 | AH134: 0 | AI134: 0 | AJ134: brownish | AK134: 1 | AL134: October 24th, 2023 | AM134: Blossom Valley International宸嶧國際 | AN134: No.72 Mo-Fan St. Taiwan Zip: 403 | AO134: Damon Chen陳嘉峻 - +886423022323 | AP134: =AVERAGEIF(df_arabica_clean[Country of Origin],df_arabica_clean[[#This Row],[Country of Origin]],df_arabica_clean[Total Cup Points]) -> 84.350328 | AQ134: =+COUNTIF(df_arabica_clean[Country of Origin],df_arabica_clean[[#This Row],[Country of Origin]]) -> 61
A135: 169 | B135: 169 | C135: United States (Hawaii) | D135: Manny's Farm | E135: Islander’s Coffee for Pacific Rim Summit | F135: Manny's Farm | G135: Taiwan Coffee Laboratory | H135: 1200 | I135: =IF(df_arabica_clean[[#This Row],[Altitude]] <= 2500, df_arabica_clean[[#This Row],[Altitude]], ROUND(df_arabica_clean[[#This Row],[Altitude]] / 3.281, 0)) -> 1200 | J135: =IF(df_arabica_clean[[#This Row],[Altitude]]>2500,"Convertido","Original") -> Original | K135: Kona district of Big Island | L135: Manny Ochoa | M135: 3 | N135: 30 kg | O135: Taiwan Coffee Laboratory 台灣咖啡研究室 | P135: 2022 | Q135: November 9th, 2022 | R135: Taiwan Coffee Laboratory 台灣咖啡研究室 | S135: Typica | T135: Completed | U135: Washed / Wet | V135: 7.75 | W135: 7.42 | X135: 7.33 | Y135: 7.5 | Z135: 7.33 | AA135: 7.5 | AB135: 10 | AC135: 10 | AD135: 10 | AE135: 7.33 | AF135: 82.17 | AG135: 10.6 | AH135: 1 | AI135: 0 | AJ135: green | AK135: 5 | AL135: November 9th, 2023 | AM135: Taiwan Coffee Laboratory 台灣咖啡研究室 | AN135: QAHWAH CO., LTD 4F, No. 225, Sec. 3, Beixin Rd., Xindian Dist. New Taipei City, Taiwan | AO135: Lin, Jen-An Neil 林仁安 - 886-289116612 | AP135: =AVERAGEIF(df_arabica_clean[Country of Origin],df_arabica_clean[[#This Row],[Country of Origin]],df_arabica_clean[Total Cup Points]) -> 83.65 | AQ135: =+COUNTIF(df_arabica_clean[Country of Origin],df_arabica_clean[[#This Row],[Country of Origin]]) -> 5
A136: 98 | B136: 98 | C136: Guatemala | D136: FINCA ALTA LUZ | E136: 11/63/908 | G136: RETRILLAS DEL PACIFICO, S. A. | H136: 1400 | I136: =IF(df_arabica_clean[[#This Row],[Altitude]] <= 2500, df_arabica_clean[[#This Row],[Altitude]], ROUND(df_arabica_clean[[#This Row],[Altitude]] / 3.281, 0)) -> 1400 | J136: =IF(df_arabica_clean[[#This Row],[Altitude]]>2500,"Convertido","Original") -> Original | K136: HUEHUETENANGO | L136: MARIA DE LOS ANGELES PEREZ | M136: 600 | N136: 30 kg | O136: Asociacion Nacional Del Café | P136: 2021 / 2022 | Q136: May 13th, 2022 | R136: Angelica Paola Citan Lopez | S136: BOURBON, CATURRA Y CATIMOR | T136: Completed | U136: Natural / Dry | V136: 7.58 | W136: 7.83 | X136: 7.67 | Y136: 7.67 | Z136: 7.67 | AA136: 7.67 | AB136: 10 | AC136: 10 | AD136: 10 | AE136: 7.75 | AF136: 83.83 | AG136: 10.8 | AH136: 0 | AI136: 0 | AJ136: green | AK136: 4 | AL136: May 13th, 2023 | AM136: Asociacion Nacional Del Café | AN136: 5a Calle 0-50, Zona 14 Guatemala City, Guatemala 1014 | AO136: Brayan Cifuentes - | AP136: =AVERAGEIF(df_arabica_clean[Country of Origin],df_arabica_clean[[#This Row],[Country of Origin]],df_arabica_clean[Total Cup Points]) -> 84.301429 | AQ136: =+COUNTIF(df_arabica_clean[Country of Origin],df_arabica_clean[[#This Row],[Country of Origin]]) -> 21
A137: 87 | B137: 87 | C137: Guatemala | D137: varias fincas | E137: 11/15/59 | F137: El Trebol/Linea Gourmet | G137: Peter Schoenfeld, S.A. | H137: 1500 | I137: =IF(df_arabica_clean[[#This Row],[Altitude]] <= 2500, df_arabica_clean[[#This Row],[Altitude]], ROUND(df_arabica_clean[[#This Row],[Altitude]] / 3.281, 0)) -> 1500 | J137: =IF(df_arabica_clean[[#This Row],[Altitude]]>2500,"Convertido","Original") -> Original | K137: Sierra de las minas | L137: varios productores | M137: 200 | N137: 30 kg | O137: Asociacion Nacional Del Café | P137: 2022 / 2023 | Q137: March 22nd, 2023 | R137: Yesica Alejandra Martìnez Vàsquez | S137: Caturra | T137: Completed | U137: Washed / Wet | V137: 7.67 | W137: 7.92 | X137: 7.67 | Y137: 7.75 | Z137: 7.67 | AA137: 7.58 | AB137: 10 | AC137: 10 | AD137: 10 | AE137: 7.75 | AF137: 84 | AG137: 11 | AH137: 0 | AI137: 2 | AJ137: green | AK137: 2 | AL137: March 21st, 2024 | AM137: Asociacion Nacional Del Café | AN137: 5a Calle 0-50, Zona 14 Guatemala City, Guatemala 1014 | AO137: Brayan Cifuentes - | AP137: =AVERAGEIF(df_arabica_clean[Country of Origin],df_arabica_clean[[#This Row],[Country of Origin]],df_arabica_clean[Total Cup Points]) -> 84.301429 | AQ137: =+COUNTIF(df_arabica_clean[Country of Origin],df_arabica_clean[[#This Row],[Country of Origin]]) -> 21
A138: 86 | B138: 86 | C138: Guatemala | D138: varias fincas | E138: 11/15/51 | F138: El Trèbol/Lìnea Gourmet | G138: Peter Schoenfeld, S.A. | H138: 1500 | I138: =IF(df_arabica_clean[[#This Row],[Altitude]] <= 2500, df_arabica_clean[[#This Row],[Altitude]], ROUND(df_arabica_clean[[#This Row],[Altitude]] / 3.281, 0)) -> 1500 | J138: =IF(df_arabica_clean[[#This Row],[Altitude]]>2500,"Convertido","Original") -> Original | K138: Oriente Santa rosa | L138: varios productores | M138: 430 | N138: 30 kg | O138: Asociacion Nacional Del Café | P138: 2022 / 2023 | Q138: March 22nd, 2023 | R138: Yesica Alejandra Martìnez Vàsquez | S138: Caturra | T138: Completed | U138: Washed / Wet | V138: 7.67 | W138: 7.83 | X138: 7.67 | Y138: 7.83 | Z138: 7.75 | AA138: 7.67 | AB138: 10 | AC138: 10 | AD138: 10 | AE138: 7.67 | AF138: 84.08 | AG138: 11 | AH138: 0 | AI138: 1 | AJ138: green | AK138: 2 | AL138: March 21st, 2024 | AM138: Asociacion Nacional Del Café | AN138: 5a Calle 0-50, Zona 14 Guatemala City, Guatemala 1014 | AO138: Brayan Cifuentes - | AP138: =AVERAGEIF(df_arabica_clean[Country of Origin],df_arabica_clean[[#This Row],[Country of Origin]],df_arabica_clean[Total Cup Points]) -> 84.301429 | AQ138: =+COUNTIF(df_arabica_clean[Country of Origin],df_arabica_clean[[#This Row],[Country of Origin]]) -> 21
A139: 136 | B139: 136 | C139: Laos | D139: Nongluang Bolaven Plateau | E139: DCN03.11.2022 | F139: Dao Heuang Group | G139: Dao Heuang Group | H139: 1200 | I139: =IF(df_arabica_clean[[#This Row],[Altitude]] <= 2500, df_arabica_clean[[#This Row],[Altitude]], ROUND(df_arabica_clean[[#This Row],[Altitude]] / 3.281, 0)) -> 1200 | J139: =IF(df_arabica_clean[[#This Row],[Altitude]]>2500,"Convertido","Original") -> Original | K139: Nongluang Bolaven Plateau, Champasack, Lao PDR | L139: Dao Heuang Group | M139: 26 | N139: 60 kg | O139: Specialty Coffee Association of Indonesia | P139: 2022 | Q139: December 30th, 2022 | R139: Dao Heuang Group | S139: Catimor | T139: Completed | U139: Natural / Dry | V139: 7.67 | W139: 7.75 | X139: 7.33 | Y139: 7.67 | Z139: 7.58 | AA139: 7.5 | AB139: 10 | AC139: 10 | AD139: 10 | AE139: 7.58 | AF139: 83.08 | AG139: 11.8 | AH139: 0 | AI139: 0 | AJ139: brownish | AK139: 7 | AL139: December 30th, 2023 | AM139: Specialty Coffee Association of Indonesia | AN139: Ministry of Agriculture Republic Indonesia, Build C 5th Floor wing B Room 515 . Jl. Harsono RM No. 3, Ragunan, South Jakarta, Jakarta | AO139: Mr. Michael Utama or Mr. Andi Fachri - 081382657727 / 087789140881 | AP139: =AVERAGEIF(df_arabica_clean[Country of Origin],df_arabica_clean[[#This Row],[Country of Origin]],df_arabica_clean[Total Cup Points]) -> 83.39 | AQ139: =+COUNTIF(df_arabica_clean[Country of Origin],df_arabica_clean[[#This Row],[Country of Origin]]) -> 3
A140: 115 | B140: 115 | C140: Thailand | D140: Doi Tung Development Project | E140: BOURBON 21/22 (Coffea Arabica) | F140: Dry Mill | G140: Doi Tung Development Project | H140: 1200 | I140: =IF(df_arabica_clean[[#This Row],[Altitude]] <= 2500, df_arabica_clean[[#This Row],[Altitude]], ROUND(df_arabica_clean[[#This Row],[Altitude]] / 3.281, 0)) -> 1200 | J140: =IF(df_arabica_clean[[#This Row],[Altitude]]>2500,"Convertido","Original") -> Original | K140: North of Thailand | L140: Doi Tung Development Project | M140: 2 | N140: 1 kg | O140: FABB Academy of Coffee | P140: 2022 | Q140: July 14th, 2022 | R140: Doi Tung Development Project | S140: Bourbon | T140: Completed | U140: Washed / Wet | V140: 7.42 | W140: 7.83 | X140: 7.58 | Y140: 7.67 | Z140: 7.67 | AA140: 7.75 | AB140: 10 | AC140: 10 | AD140: 10 | AE140: 7.58 | AF140: 83.5 | AG140: 13.1 | AH140: 0 | AI140: 0 | AJ140: green | AK140: 0 | AL140: July 14th, 2023 | AM140: FABB Academy of Coffee | AN140: FABB ACADEMY OF COFFEE 259/313 SUKHUMVIT 71 RD., SOI PRIDI BANOMYONG 15, VHADANA BKK, 10110 THAILAND | AO140: Janejira Kamonsawedkun - +(66) 095 095 9593 | AP140: =AVERAGEIF(df_arabica_clean[Country of Origin],df_arabica_clean[[#This Row],[Country of Origin]],df_arabica_clean[Total Cup Points]) -> 82.8275 | AQ140: =+COUNTIF(df_arabica_clean[Country of Origin],df_arabica_clean[[#This Row],[Country of Origin]]) -> 12
A141: 150 | B141: 150 | C141: Thailand | D141: Doi Tung Development Project | E141: CATURRA 21/22 (Coffea Arabica) | F141: Dry Mill | G141: Doi Tung Development Project | H141: 1200 | I141: =IF(df_arabica_clean[[#This Row],[Altitude]] <= 2500, df_arabica_clean[[#This Row],[Altitude]], ROUND(df_arabica_clean[[#This Row],[Altitude]] / 3.281, 0)) -> 1200 | J141: =IF(df_arabica_clean[[#This Row],[Altitude]]>2500,"Convertido","Original") -> Original | K141: North of Thailand | L141: Doi Tung Development Project | M141: 2 | N141: 1 kg | O141: FABB Academy of Coffee | P141: 2022 | Q141: July 14th, 2022 | R141: Doi Tung Development Project | S141: Caturra | T141: Completed | U141: Washed / Wet | V141: 7.33 | W141: 7.58 | X141: 7.58 | Y141: 7.5 | Z141: 7.67 | AA141: 7.67 | AB141: 10 | AC141: 10 | AD141: 10 | AE141: 7.33 | AF141: 82.67 | AG141: 13 | AH141: 1 | AI141: 0 | AJ141: greenish | AK141: 0 | AL141: July 14th, 2023 | AM141: FABB Academy of Coffee | AN141: FABB ACADEMY OF COFFEE 259/313 SUKHUMVIT 71 RD., SOI PRIDI BANOMYONG 15, VHADANA BKK, 10110 THAILAND | AO141: Janejira Kamonsawedkun - +(66) 095 095 9593 | AP141: =AVERAGEIF(df_arabica_clean[Country of Origin],df_arabica_clean[[#This Row],[Country of Origin]],df_arabica_clean[Total Cup Points]) -> 82.8275 | AQ141: =+COUNTIF(df_arabica_clean[Country of Origin],df_arabica_clean[[#This Row],[Country of Origin]]) -> 12
A142: 112 | B142: 112 | C142: Guatemala | D142: SAN FRANCISCO COTZAL | E142: P-4142 | F142: INMOBILIARIA E INVERSIONES DOS MIL, S. A. | G142: Asociación Nacional del Cafe | H142: 1600 | I142: =IF(df_arabica_clean[[#This Row],[Altitude]] <= 2500, df_arabica_clean[[#This Row],[Altitude]], ROUND(df_arabica_clean[[#This Row],[Altitude]] / 3.281, 0)) -> 1600 | J142: =IF(df_arabica_clean[[#This Row],[Altitude]]>2500,"Convertido","Original") -> Original | K142: QUICHE | L142: SAN FRANCISCO COTZAL | M142: 275 | N142: 69 kg | O142: Asociacion Nacional Del Café | P142: 2021 / 2022 | Q142: May 19th, 2022 | R142: Angelica Paola Citan Lopez | S142: Caturra | T142: Completed | U142: Washed / Wet | V142: 7.58 | W142: 7.83 | X142: 7.58 | Y142: 7.67 | Z142: 7.58 | AA142: 7.58 | AB142: 10 | AC142: 10 | AD142: 10 | AE142: 7.75 | AF142: 83.58 | AG142: 10.9 | AH142: 0 | AI142: 2 | AJ142: green | AK142: 4 | AL142: May 19th, 2023 | AM142: Asociacion Nacional Del Café | AN142: 5a Calle 0-50, Zona 14 Guatemala City, Guatemala 1014 | AO142: Brayan Cifuentes - | AP142: =AVERAGEIF(df_arabica_clean[Country of Origin],df_arabica_clean[[#This Row],[Country of Origin]],df_arabica_clean[Total Cup Points]) -> 84.301429 | AQ142: =+COUNTIF(df_arabica_clean[Country of Origin],df_arabica_clean[[#This Row],[Country of Origin]]) -> 21
A143: 143 | B143: 143 | C143: Taiwan | D143: 嵩岳咖啡莊園 | E143: 202203 | F143: yes | G143: 宸嶧國際有限公司 | H143: 1200 | I143: =IF(df_arabica_clean[[#This Row],[Altitude]] <= 2500, df_arabica_clean[[#This Row],[Altitude]], ROUND(df_arabica_clean[[#This Row],[Altitude]] / 3.281, 0)) -> 1200 | J143: =IF(df_arabica_clean[[#This Row],[Altitude]]>2500,"Convertido","Original") -> Original | K143: Shibi, Gukeng Township, Yunlin County 郵遞區號 , Taiwan (R.O.C.) | L143: 郭亮志 | M143: 300 | N143: 1 kg | O143: Blossom Valley International宸嶧國際 | P143: 2022 | Q143: October 24th, 2022 | R143: 郭亮志 GuoLiangZhi | S143: Gesha | T143: Completed | V143: 7.67 | W143: 7.5 | X143: 7.42 | Y143: 7.75 | Z143: 7.42 | AA143: 7.58 | AB143: 10 | AC143: 10 | AD143: 10 | AE143: 7.58 | AF143: 82.92 | AG143: 10.2 | AH143: 0 | AI143: 0 | AJ143: yellow-green | AK143: 0 | AL143: October 24th, 2023 | AM143: Blossom Valley International宸嶧國際 | AN143: No.72 Mo-Fan St. Taiwan Zip: 403 | AO143: Damon Chen陳嘉峻 - +886423022323 | AP143: =AVERAGEIF(df_arabica_clean[Country of Origin],df_arabica_clean[[#This Row],[Country of Origin]],df_arabica_clean[Total Cup Points]) -> 84.350328 | AQ143: =+COUNTIF(df_arabica_clean[Country of Origin],df_arabica_clean[[#This Row],[Country of Origin]]) -> 61
A144: 83 | B144: 83 | C144: Guatemala | D144: san francisco cotzal | E144: 11/441/49 | F144: inmobiliaria e inversiones dos mil, s.a. | G144: inmobiliaria e inversiones dos mil, s.a. | H144: 1600 | I144: =IF(df_arabica_clean[[#This Row],[Altitude]] <= 2500, df_arabica_clean[[#This Row],[Altitude]], ROUND(df_arabica_clean[[#This Row],[Altitude]] / 3.281, 0)) -> 1600 | J144: =IF(df_arabica_clean[[#This Row],[Altitude]]>2500,"Convertido","Original") -> Original | K144: quiche | L144: san francisco cotzal | M144: 275 | N144: 69 kg | O144: Asociacion Nacional Del Café | P144: 2021 / 2022 | Q144: May 19th, 2022 | R144: Angelica Paola Citan Lopez | S144: Caturra | T144: Completed | U144: Washed / Wet | V144: 7.58 | W144: 7.92 | X144: 7.58 | Y144: 7.83 | Z144: 7.75 | AA144: 7.67 | AB144: 10 | AC144: 10 | AD144: 10 | AE144: 7.75 | AF144: 84.08 | AG144: 11 | AH144: 0 | AI144: 3 | AJ144: green | AK144: 2 | AL144: May 19th, 2023 | AM144: Asociacion Nacional Del Café | AN144: 5a Calle 0-50, Zona 14 Guatemala City, Guatemala 1014 | AO144: Brayan Cifuentes - | AP144: =AVERAGEIF(df_arabica_clean[Country of Origin],df_arabica_clean[[#This Row],[Country of Origin]],df_arabica_clean[Total Cup Points]) -> 84.301429 | AQ144: =+COUNTIF(df_arabica_clean[Country of Origin],df_arabica_clean[[#This Row],[Country of Origin]]) -> 21
A145: 27 | B145: 27 | C145: Taiwan | D145: 嵩岳咖啡莊園 | E145: The 2022 Pacific Rim Coffee Summit,T048 | F145: 嵩岳咖啡莊園 | G145: Taiwan Coffee Laboratory | H145: 1200 | I145: =IF(df_arabica_clean[[#This Row],[Altitude]] <= 2500, df_arabica_clean[[#This Row],[Altitude]], ROUND(df_arabica_clean[[#This Row],[Altitude]] / 3.281, 0)) -> 1200 | J145: =IF(df_arabica_clean[[#This Row],[Altitude]]>2500,"Convertido","Original") -> Original | K145: Yunlin | L145: 郭志豪 | M145: 1 | N145: 90 kg | O145: Taiwan Coffee Laboratory 台灣咖啡研究室 | P145: 2021 / 2022 | Q145: November 15th, 2022 | R145: Jhih Hao,GUO 郭志豪 | S145: Gesha | T145: Completed | U145: Natural / Dry | V145: 8.17 | W145: 8.08 | X145: 7.92 | Y145: 8 | Z145: 7.58 | AA145: 7.83 | AB145: 10 | AC145: 10 | AD145: 10 | AE145: 7.92 | AF145: 85.5 | AG145: 10.6 | AH145: 0 | AI145: 0 | AJ145: green | AK145: 0 | AL145: November 15th, 2023 | AM145: Taiwan Coffee Laboratory 台灣咖啡研究室 | AN145: QAHWAH CO., LTD 4F, No. 225, Sec. 3, Beixin Rd., Xindian Dist. New Taipei City, Taiwan | AO145: Lin, Jen-An Neil 林仁安 - 886-289116612 | AP145: =AVERAGEIF(df_arabica_clean[Country of Origin],df_arabica_clean[[#This Row],[Country of Origin]],df_arabica_clean[Total Cup Points]) -> 84.350328 | AQ145: =+COUNTIF(df_arabica_clean[Country of Origin],df_arabica_clean[[#This Row],[Country of Origin]]) -> 61
A146: 58 | B146: 58 | C146: Taiwan | D146: 嵐雲綠海咖啡 | E146: 屏東縣瑪家鄉 | F146: 乾燥機、脫殼機 | G146: 茂泰生技股份有限公司 | H146: 1200 | I146: =IF(df_arabica_clean[[#This Row],[Altitude]] <= 2500, df_arabica_clean[[#This Row],[Altitude]], ROUND(df_arabica_clean[[#This Row],[Altitude]] / 3.281, 0)) -> 1200 | J146: =IF(df_arabica_clean[[#This Row],[Altitude]]>2500,"Convertido","Original") -> Original | K146: 台灣屏東 | L146: 卓榮華 | M146: 1 | N146: 2 kg | O146: Taiwan Coffee Laboratory 台灣咖啡研究室 | P146: 2021 / 2022 | Q146: December 30th, 2022 | R146: Ethan Lee 李宗儒 | S146: Yellow Bourbon | T146: Completed | U146: Pulped natural / honey | V146: 7.92 | W146: 8.08 | X146: 7.67 | Y146: 7.92 | Z146: 7.67 | AA146: 7.75 | AB146: 10 | AC146: 10 | AD146: 10 | AE146: 7.75 | AF146: 84.75 | AG146: 10 | AH146: 0 | AI146: 0 | AJ146: blue-green | AK146: 0 | AL146: December 30th, 2023 | AM146: Taiwan Coffee Laboratory 台灣咖啡研究室 | AN146: QAHWAH CO., LTD 4F, No. 225, Sec. 3, Beixin Rd., Xindian Dist. New Taipei City, Taiwan | AO146: Lin, Jen-An Neil 林仁安 - 886-289116612 | AP146: =AVERAGEIF(df_arabica_clean[Country of Origin],df_arabica_clean[[#This Row],[Country of Origin]],df_arabica_clean[Total Cup Points]) -> 84.350328 | AQ146: =+COUNTIF(df_arabica_clean[Country of Origin],df_arabica_clean[[#This Row],[Country of Origin]]) -> 61
A147: 48 | B147: 48 | C147: Guatemala | D147: san francisco cotzal | E147: 11/441/50 | F147: inmobiliaria e inversiones dos mil, s.a. | G147: inmobiliaria e inversiones dos mil, s.a. | H147: 1600 | I147: =IF(df_arabica_clean[[#This Row],[Altitude]] <= 2500, df_arabica_clean[[#This Row],[Altitude]], ROUND(df_arabica_clean[[#This Row],[Altitude]] / 3.281, 0)) -> 1600 | J147: =IF(df_arabica_clean[[#This Row],[Altitude]]>2500,"Convertido","Original") -> Original | K147: quiche | L147: san francisco cotzal | M147: 275 | N147: 69 kg | O147: Asociacion Nacional Del Café | P147: 2021 / 2022 | Q147: June 22nd, 2022 | R147: Angelica Paola Citan Lopez | S147: Caturra | T147: Completed | U147: Washed / Wet | V147: 7.83 | W147: 7.92 | X147: 7.75 | Y147: 8 | Z147: 7.75 | AA147: 7.75 | AB147: 10 | AC147: 10 | AD147: 10 | AE147: 7.92 | AF147: 84.92 | AG147: 11.7 | AH147: 0 | AI147: 3 | AJ147: green | AK147: 1 | AL147: June 22nd, 2023 | AM147: Asociacion Nacional Del Café | AN147: 5a Calle 0-50, Zona 14 Guatemala City, Guatemala 1014 | AO147: Brayan Cifuentes - | AP147: =AVERAGEIF(df_arabica_clean[Country of Origin],df_arabica_clean[[#This Row],[Country of Origin]],df_arabica_clean[Total Cup Points]) -> 84.301429 | AQ147: =+COUNTIF(df_arabica_clean[Country of Origin],df_arabica_clean[[#This Row],[Country of Origin]]) -> 21
A148: 59 | B148: 59 | C148: Guatemala | D148: Varias Fincas | E148: 11/15/117 | F148: Varios Beneficios | G148: Peter Schoenfeld, S.A. | H148: 1600 | I148: =IF(df_arabica_clean[[#This Row],[Altitude]] <= 2500, df_arabica_clean[[#This Row],[Altitude]], ROUND(df_arabica_clean[[#This Row],[Altitude]] / 3.281, 0)) -> 1600 | J148: =IF(df_arabica_clean[[#This Row],[Altitude]]>2500,"Convertido","Original") -> Original | K148: Huehuetenango | L148: Varios Productores | M148: 600 | N148: 30 kg | O148: Asociacion Nacional Del Café | P148: 2022 / 2023 | Q148: April 28th, 2023 | R148: Yesica Alejandra Martìnez Vàsquez | S148: Caturra | T148: Completed | U148: Washed / Wet | V148: 7.67 | W148: 8 | X148: 7.67 | Y148: 7.83 | Z148: 7.92 | AA148: 7.67 | AB148: 10 | AC148: 10 | AD148: 10 | AE148: 7.92 | AF148: 84.67 | AG148: 10.6 | AH148: 0 | AI148: 0 | AJ148: green | AK148: 1 | AL148: April 27th, 2024 | AM148: Asociacion Nacional Del Café | AN148: 5a Calle 0-50, Zona 14 Guatemala City, Guatemala 1014 | AO148: Brayan Cifuentes - | AP148: =AVERAGEIF(df_arabica_clean[Country of Origin],df_arabica_clean[[#This Row],[Country of Origin]],df_arabica_clean[Total Cup Points]) -> 84.301429 | AQ148: =+COUNTIF(df_arabica_clean[Country of Origin],df_arabica_clean[[#This Row],[Country of Origin]]) -> 21
A149: 15 | B149: 15 | C149: Taiwan | D149: 青葉咖啡莊園 | E149: The 2022 Pacific Rim Coffee Summit,T014 | F149: 青葉咖啡莊園 | G149: Taiwan Coffee Laboratory | H149: 1100 | I149: =IF(df_arabica_clean[[#This Row],[Altitude]] <= 2500, df_arabica_clean[[#This Row],[Altitude]], ROUND(df_arabica_clean[[#This Row],[Altitude]] / 3.281, 0)) -> 1100 | J149: =IF(df_arabica_clean[[#This Row],[Altitude]]>2500,"Convertido","Original") -> Original | K149: Chiayi | L149: 葉世遠 | M149: 1 | N149: 60 kg | O149: Taiwan Coffee Laboratory 台灣咖啡研究室 | P149: 2021 / 2022 | Q149: November 15th, 2022 | R149: Taiwan Coffee Laboratory 台灣咖啡研究室 | S149: SL34 | T149: Completed | U149: Pulped natural / honey | V149: 8.17 | W149: 8.08 | X149: 8 | Y149: 7.92 | Z149: 8 | AA149: 7.92 | AB149: 10 | AC149: 10 | AD149: 10 | AE149: 8 | AF149: 86.08 | AG149: 10.2 | AH149: 0 | AI149: 0 | AJ149: green | AK149: 0 | AL149: November 15th, 2023 | AM149: Taiwan Coffee Laboratory 台灣咖啡研究室 | AN149: QAHWAH CO., LTD 4F, No. 225, Sec. 3, Beixin Rd., Xindian Dist. New Taipei City, Taiwan | AO149: Lin, Jen-An Neil 林仁安 - 886-289116612 | AP149: =AVERAGEIF(df_arabica_clean[Country of Origin],df_arabica_clean[[#This Row],[Country of Origin]],df_arabica_clean[Total Cup Points]) -> 84.350328 | AQ149: =+COUNTIF(df_arabica_clean[Country of Origin],df_arabica_clean[[#This Row],[Country of Origin]]) -> 61
A150: 119 | B150: 119 | C150: Taiwan | D150: 香香久溢咖啡莊園 | E150: The 2022 Pacific Rim Coffee Summit,T022 | F150: 香香久溢咖啡莊園 | G150: Taiwan Coffee Laboratory | H150: 1100 | I150: =IF(df_arabica_clean[[#This Row],[Altitude]] <= 2500, df_arabica_clean[[#This Row],[Altitude]], ROUND(df_arabica_clean[[#This Row],[Altitude]] / 3.281, 0)) -> 1100 | J150: =IF(df_arabica_clean[[#This Row],[Altitude]]>2500,"Convertido","Original") -> Original | K150: Chiayi | L150: 吳昭昀 | M150: 1 | N150: 40 kg | O150: Taiwan Coffee Laboratory 台灣咖啡研究室 | P150: 2021 / 2022 | Q150: November 15th, 2022 | R150: Wu Jhao Yun | S150: Typica + SL34 | T150: Completed | U150: Washed / Wet | V150: 7.75 | W150: 7.92 | X150: 7.67 | Y150: 7.92 | Z150: 7.75 | AA150: 7.83 | AB150: 8.67 | AC150: 10 | AD150: 10 | AE150: 7.92 | AF150: 83.42 | AG150: 10.1 | AH150: 0 | AI150: 0 | AJ150: blue-green | AK150: 0 | AL150: November 15th, 2023 | AM150: Taiwan Coffee Laboratory 台灣咖啡研究室 | AN150: QAHWAH CO., LTD 4F, No. 225, Sec. 3, Beixin Rd., Xindian Dist. New Taipei City, Taiwan | AO150: Lin, Jen-An Neil 林仁安 - 886-289116612 | AP150: =AVERAGEIF(df_arabica_clean[Country of Origin],df_arabica_clean[[#This Row],[Country of Origin]],df_arabica_clean[Total Cup Points]) -> 84.350328 | AQ150: =+COUNTIF(df_arabica_clean[Country of Origin],df_arabica_clean[[#This Row],[Country of Origin]]) -> 61
A151: 95 | B151: 95 | C151: Guatemala | D151: San jose del lago | E151: 11/15/95 | F151: San jose del lago | G151: Peter Schoenfeld, S.A. | H151: 1600 | I151: =IF(df_arabica_clean[[#This Row],[Altitude]] <= 2500, df_arabica_clean[[#This Row],[Altitude]], ROUND(df_arabica_clean[[#This Row],[Altitude]] / 3.281, 0)) -> 1600 | J151: =IF(df_arabica_clean[[#This Row],[Altitude]]>2500,"Convertido","Original") -> Original | K151: Atitlán | L151: Cafetalera Paquim, S.A. | M151: 35 | N151: 30 kg | O151: Asociacion Nacional Del Café | P151: 2022 / 2023 | Q151: April 17th, 2023 | R151: Yesica Alejandra Martìnez Vàsquez | S151: Bourbon | T151: Completed | U151: Washed / Wet | V151: 7.58 | W151: 7.83 | X151: 7.58 | Y151: 7.75 | Z151: 7.67 | AA151: 7.75 | AB151: 10 | AC151: 10 | AD151: 10 | AE151: 7.75 | AF151: 83.92 | AG151: 10 | AH151: 0 | AI151: 1 | AJ151: green | AK151: 2 | AL151: April 16th, 2024 | AM151: Asociacion Nacional Del Café | AN151: 5a Calle 0-50, Zona 14 Guatemala City, Guatemala 1014 | AO151: Brayan Cifuentes - | AP151: =AVERAGEIF(df_arabica_clean[Country of Origin],df_arabica_clean[[#This Row],[Country of Origin]],df_arabica_clean[Total Cup Points]) -> 84.301429 | AQ151: =+COUNTIF(df_arabica_clean[Country of Origin],df_arabica_clean[[#This Row],[Country of Origin]]) -> 21
A152: 80 | B152: 80 | C152: Guatemala | D152: San jose del lago | E152: 11/15/96 | F152: San jose del lago | G152: Peter Schoenfeld, S.A. | H152: 1600 | I152: =IF(df_arabica_clean[[#This Row],[Altitude]] <= 2500, df_arabica_clean[[#This Row],[Altitude]], ROUND(df_arabica_clean[[#This Row],[Altitude]] / 3.281, 0)) -> 1600 | J152: =IF(df_arabica_clean[[#This Row],[Altitude]]>2500,"Convertido","Original") -> Original | K152: Atitlán | L152: Cafetalera Paquim, S.A. | M152: 55 | N152: 30 kg | O152: Asociacion Nacional Del Café | P152: 2022 / 2023 | Q152: April 17th, 2023 | R152: Yesica Alejandra Martìnez Vàsquez | S152: Typica | T152: Completed | U152: Washed / Wet | V152: 7.58 | W152: 7.92 | X152: 7.67 | Y152: 7.75 | Z152: 7.83 | AA152: 7.75 | AB152: 10 | AC152: 10 | AD152: 10 | AE152: 7.75 | AF152: 84.25 | AG152: 10 | AH152: 0 | AI152: 0 | AJ152: green | AK152: 1 | AL152: April 16th, 2024 | AM152: Asociacion Nacional Del Café | AN152: 5a Calle 0-50, Zona 14 Guatemala City, Guatemala 1014 | AO152: Brayan Cifuentes - | AP152: =AVERAGEIF(df_arabica_clean[Country of Origin],df_arabica_clean[[#This Row],[Country of Origin]],df_arabica_clean[Total Cup Points]) -> 84.301429 | AQ152: =+COUNTIF(df_arabica_clean[Country of Origin],df_arabica_clean[[#This Row],[Country of Origin]]) -> 21
A153: 130 | B153: 130 | C153: Taiwan | D153: 棒棒有機農場 | E153: A41-Northern Taiwan Specialty Coffee Evaluation | F153: 棒棒有機農場 | G153: Taiwu Coffee Cooperative | H153: 1100 | I153: =IF(df_arabica_clean[[#This Row],[Altitude]] <= 2500, df_arabica_clean[[#This Row],[Altitude]], ROUND(df_arabica_clean[[#This Row],[Altitude]] / 3.281, 0)) -> 1100 | J153: =IF(df_arabica_clean[[#This Row],[Altitude]]>2500,"Convertido","Original") -> Original | K153: 苗栗縣 | L153: 林木青 | M153: 1 | N153: 320 kg | O153: Taiwan Coffee Laboratory 台灣咖啡研究室 | P153: 2021 / 2022 | Q153: January 6th, 2023 | R153: Taiwu | S153: unknown | T153: Completed | U153: Washed / Wet | V153: 7.75 | W153: 7.75 | X153: 7.58 | Y153: 7.67 | Z153: 7.42 | AA153: 7.5 | AB153: 10 | AC153: 10 | AD153: 10 | AE153: 7.58 | AF153: 83.25 | AG153: 9.6 | AH153: 0 | AI153: 0 | AJ153: green | AK153: 1 | AL153: January 6th, 2024 | AM153: Taiwan Coffee Laboratory 台灣咖啡研究室 | AN153: QAHWAH CO., LTD 4F, No. 225, Sec. 3, Beixin Rd., Xindian Dist. New Taipei City, Taiwan | AO153: Lin, Jen-An Neil 林仁安 - 886-289116612 | AP153: =AVERAGEIF(df_arabica_clean[Country of Origin],df_arabica_clean[[#This Row],[Country of Origin]],df_arabica_clean[Total Cup Points]) -> 84.350328 | AQ153: =+COUNTIF(df_arabica_clean[Country of Origin],df_arabica_clean[[#This Row],[Country of Origin]]) -> 61
A154: 28 | B154: 28 | C154: Taiwan | D154: 他扶芽有機農園 | E154: The 2022 Pacific Rim Coffee Summit,T045 | F154: 他扶芽有機農園 | G154: Taiwan Coffee Laboratory | H154: 1060 | I154: =IF(df_arabica_clean[[#This Row],[Altitude]] <= 2500, df_arabica_clean[[#This Row],[Altitude]], ROUND(df_arabica_clean[[#This Row],[Altitude]] / 3.281, 0)) -> 1060 | J154: =IF(df_arabica_clean[[#This Row],[Altitude]]>2500,"Convertido","Original") -> Original | K154: Chiayi | L154: 陳清龍 | M154: 1 | N154: 85 kg | O154: Taiwan Coffee Laboratory 台灣咖啡研究室 | P154: 2021 / 2022 | Q154: November 15th, 2022 | R154: Taiwan Coffee Laboratory 台灣咖啡研究室 | S154: Gesha | T154: Completed | U154: Natural / Dry | V154: 8 | W154: 8 | X154: 8 | Y154: 7.92 | Z154: 7.75 | AA154: 7.92 | AB154: 10 | AC154: 10 | AD154: 10 | AE154: 7.92 | AF154: 85.5 | AG154: 10.2 | AH154: 0 | AI154: 0 | AJ154: blue-green | AK154: 0 | AL154: November 15th, 2023 | AM154: Taiwan Coffee Laboratory 台灣咖啡研究室 | AN154: QAHWAH CO., LTD 4F, No. 225, Sec. 3, Beixin Rd., Xindian Dist. New Taipei City, Taiwan | AO154: Lin, Jen-An Neil 林仁安 - 886-289116612 | AP154: =AVERAGEIF(df_arabica_clean[Country of Origin],df_arabica_clean[[#This Row],[Country of Origin]],df_arabica_clean[Total Cup Points]) -> 84.350328 | AQ154: =+COUNTIF(df_arabica_clean[Country of Origin],df_arabica_clean[[#This Row],[Country of Origin]]) -> 61
A155: 164 | B155: 164 | C155: Vietnam | D155: Apollo Estate | E155: Apollo Washed 2021 | F155: Dry Mill | G155: Sunvirtue Co., Ltd. | H155: 1040 | I155: =IF(df_arabica_clean[[#This Row],[Altitude]] <= 2500, df_arabica_clean[[#This Row],[Altitude]], ROUND(df_arabica_clean[[#This Row],[Altitude]] / 3.281, 0)) -> 1040 | J155: =IF(df_arabica_clean[[#This Row],[Altitude]]>2500,"Convertido","Original") -> Original | K155: Dalat | L155: Yeh,Li Chuan | M155: 77 | N155: 15 kg | O155: Specialty Coffee Association | P155: 2021 | Q155: June 1st, 2022 | R155: Sunvirtue Co., Ltd. | S155: Catimor | T155: Completed | U155: Washed / Wet | V155: 7.5 | W155: 7.5 | X155: 7.33 | Y155: 7.5 | Z155: 7.5 | AA155: 7.42 | AB155: 10 | AC155: 10 | AD155: 10 | AE155: 7.58 | AF155: 82.33 | AG155: 10.5 | AH155: 0 | AI155: 0 | AJ155: bluish-green | AK155: 0 | AL155: June 1st, 2023 | AM155: Specialty Coffee Association | AN155: *CURRENTLY NOT ACCEPTING SAMPLES** | AO155: Brit Amell (CQI) - bamell@coffeeinstitute.org - | AP155: =AVERAGEIF(df_arabica_clean[Country of Origin],df_arabica_clean[[#This Row],[Country of Origin]],df_arabica_clean[Total Cup Points]) -> 82.8925 | AQ155: =+COUNTIF(df_arabica_clean[Country of Origin],df_arabica_clean[[#This Row],[Country of Origin]]) -> 4
... A203: 31 | B203: 31 | C203: Taiwan | D203: 鄉庭有機農場Siang-Ting Organic Farm | E203: 2022/02 | F203: 鄉庭有機農場Siang-Ting Organic Farm | G203: Taiwan Coffee Laboratory | H203: 150 | I203: =IF(df_arabica_clean[[#This Row],[Altitude]] <= 2500, df_arabica_clean[[#This Row],[Altitude]], ROUND(df_arabica_clean[[#This Row],[Altitude]] / 3.281, 0)) -> 150 | J203: =IF(df_arabica_clean[[#This Row],[Altitude]]>2500,"Convertido","Original") -> Original | K203: 壽豐鄉Shoufeng Township | L203: 張進義Zhang Jin-Yi | M203: 3 | N203: 50 kg | O203: Taiwan Coffee Laboratory 台灣咖啡研究室 | P203: 2022 | Q203: December 12th, 2022 | R203: Zhang Jin Yi 張進義 | S203: Typica | T203: Completed | U203: Washed / Wet | V203: 7.92 | W203: 8 | X203: 7.83 | Y203: 7.92 | Z203: 7.83 | AA203: 7.83 | AB203: 10 | AC203: 10 | AD203: 10 | AE203: 8 | AF203: 85.33 | AG203: 10.8 | AH203: 0 | AI203: 0 | AJ203: green | AK203: 0 | AL203: December 12th, 2023 | AM203: Taiwan Coffee Laboratory 台灣咖啡研究室 | AN203: QAHWAH CO., LTD 4F, No. 225, Sec. 3, Beixin Rd., Xindian Dist. New Taipei City, Taiwan | AO203: Lin, Jen-An Neil 林仁安 - 886-289116612 | AP203: =AVERAGEIF(df_arabica_clean[Country of Origin],df_arabica_clean[[#This Row],[Country of Origin]],df_arabica_clean[Total Cup Points]) -> 84.350328 | AQ203: =+COUNTIF(df_arabica_clean[Country of Origin],df_arabica_clean[[#This Row],[Country of Origin]]) -> 61
A204: 44 | B204: 44 | C204: Taiwan | D204: 愛姬咖啡莊園iGfarm | E204: 2021/01 | F204: 愛姬咖啡莊園iGfarm | G204: Taiwan Coffee Laboratory | H204: 150 | I204: =IF(df_arabica_clean[[#This Row],[Altitude]] <= 2500, df_arabica_clean[[#This Row],[Altitude]], ROUND(df_arabica_clean[[#This Row],[Altitude]] / 3.281, 0)) -> 150 | J204: =IF(df_arabica_clean[[#This Row],[Altitude]]>2500,"Convertido","Original") -> Original | K204: 壽豐鄉Shoufeng Township | L204: 劉孟宗 LIU MENG TSUNG | M204: 1 | N204: 50 kg | O204: Taiwan Coffee Laboratory 台灣咖啡研究室 | P204: 2021 / 2022 | Q204: December 12th, 2022 | R204: Liu Meng Tsung劉孟宗 | S204: Typica | T204: Completed | V204: 7.92 | W204: 8 | X204: 7.92 | Y204: 8 | Z204: 7.58 | AA204: 7.75 | AB204: 10 | AC204: 10 | AD204: 10 | AE204: 7.83 | AF204: 85 | AG204: 10.9 | AH204: 0 | AI204: 0 | AJ204: green | AK204: 0 | AL204: December 12th, 2023 | AM204: Taiwan Coffee Laboratory 台灣咖啡研究室 | AN204: QAHWAH CO., LTD 4F, No. 225, Sec. 3, Beixin Rd., Xindian Dist. New Taipei City, Taiwan | AO204: Lin, Jen-An Neil 林仁安 - 886-289116612 | AP204: =AVERAGEIF(df_arabica_clean[Country of Origin],df_arabica_clean[[#This Row],[Country of Origin]],df_arabica_clean[Total Cup Points]) -> 84.350328 | AQ204: =+COUNTIF(df_arabica_clean[Country of Origin],df_arabica_clean[[#This Row],[Country of Origin]]) -> 61
A205: 84 | B205: 84 | C205: Taiwan | D205: 竹崙子莊園 | E205: A32-Northern Taiwan Specialty Coffee Evaluation | F205: 竹崙子莊園 | G205: Taiwu Coffee Cooperative | H205: 150 | I205: =IF(df_arabica_clean[[#This Row],[Altitude]] <= 2500, df_arabica_clean[[#This Row],[Altitude]], ROUND(df_arabica_clean[[#This Row],[Altitude]] / 3.281, 0)) -> 150 | J205: =IF(df_arabica_clean[[#This Row],[Altitude]]>2500,"Convertido","Original") -> Original | K205: 新北市 | L205: 邱建明 | M205: 1 | N205: 110 kg | O205: Taiwan Coffee Laboratory 台灣咖啡研究室 | P205: 2021 / 2022 | Q205: January 6th, 2023 | R205: Taiwu | S205: unknown | T205: Completed | U205: Pulped natural / honey | V205: 7.83 | W205: 7.92 | X205: 7.83 | Y205: 7.58 | Z205: 7.58 | AA205: 7.67 | AB205: 10 | AC205: 10 | AD205: 10 | AE205: 7.67 | AF205: 84.08 | AG205: 10.8 | AH205: 0 | AI205: 0 | AJ205: greenish | AK205: 2 | AL205: January 6th, 2024 | AM205: Taiwan Coffee Laboratory 台灣咖啡研究室 | AN205: QAHWAH CO., LTD 4F, No. 225, Sec. 3, Beixin Rd., Xindian Dist. New Taipei City, Taiwan | AO205: Lin, Jen-An Neil 林仁安 - 886-289116612 | AP205: =AVERAGEIF(df_arabica_clean[Country of Origin],df_arabica_clean[[#This Row],[Country of Origin]],df_arabica_clean[Total Cup Points]) -> 84.350328 | AQ205: =+COUNTIF(df_arabica_clean[Country of Origin],df_arabica_clean[[#This Row],[Country of Origin]]) -> 61
A206: 167 | B206: 167 | C206: Taiwan | D206: 寶山謐靚 | E206: A48-Northern Taiwan Specialty Coffee Evaluation | F206: 寶山謐靚 | G206: Taiwu Coffee Cooperative | H206: 140 | I206: =IF(df_arabica_clean[[#This Row],[Altitude]] <= 2500, df_arabica_clean[[#This Row],[Altitude]], ROUND(df_arabica_clean[[#This Row],[Altitude]] / 3.281, 0)) -> 140 | J206: =IF(df_arabica_clean[[#This Row],[Altitude]]>2500,"Convertido","Original") -> Original | K206: 新竹縣 | L206: 宋煦仁 | M206: 1 | N206: 5 kg | O206: Taiwan Coffee Laboratory 台灣咖啡研究室 | P206: 2021 / 2022 | Q206: January 6th, 2023 | R206: Taiwu | S206: unknown | T206: Completed | U206: Natural / Dry | V206: 7.67 | W206: 7.58 | X206: 7.42 | Y206: 7.5 | Z206: 7.33 | AA206: 7.42 | AB206: 10 | AC206: 10 | AD206: 10 | AE206: 7.42 | AF206: 82.33 | AG206: 10.8 | AH206: 0 | AI206: 0 | AJ206: green | AK206: 1 | AL206: January 6th, 2024 | AM206: Taiwan Coffee Laboratory 台灣咖啡研究室 | AN206: QAHWAH CO., LTD 4F, No. 225, Sec. 3, Beixin Rd., Xindian Dist. New Taipei City, Taiwan | AO206: Lin, Jen-An Neil 林仁安 - 886-289116612 | AP206: =AVERAGEIF(df_arabica_clean[Country of Origin],df_arabica_clean[[#This Row],[Country of Origin]],df_arabica_clean[Total Cup Points]) -> 84.350328 | AQ206: =+COUNTIF(df_arabica_clean[Country of Origin],df_arabica_clean[[#This Row],[Country of Origin]]) -> 61
A207: 162 | B207: 162 | C207: Taiwan | D207: 弘欣咖啡園 | E207: A02-Northern Taiwan Specialty Coffee Evaluation | F207: 弘欣咖啡園 | G207: Taiwu Coffee Cooperative | H207: 139 | I207: =IF(df_arabica_clean[[#This Row],[Altitude]] <= 2500, df_arabica_clean[[#This Row],[Altitude]], ROUND(df_arabica_clean[[#This Row],[Altitude]] / 3.281, 0)) -> 139 | J207: =IF(df_arabica_clean[[#This Row],[Altitude]]>2500,"Convertido","Original") -> Original | K207: 新竹縣 | L207: 胡明杰 | M207: 1 | N207: 200 kg | O207: Taiwan Coffee Laboratory 台灣咖啡研究室 | P207: 2021 / 2022 | Q207: January 6th, 2023 | R207: Taiwu | S207: unknown | T207: Completed | U207: Washed / Wet | V207: 7.42 | W207: 7.42 | X207: 7.58 | Y207: 7.42 | Z207: 7.58 | AA207: 7.5 | AB207: 10 | AC207: 10 | AD207: 10 | AE207: 7.58 | AF207: 82.5 | AG207: 8.4 | AH207: 0 | AI207: 0 | AJ207: green | AK207: 2 | AL207: January 6th, 2024 | AM207: Taiwan Coffee Laboratory 台灣咖啡研究室 | AN207: QAHWAH CO., LTD 4F, No. 225, Sec. 3, Beixin Rd., Xindian Dist. New Taipei City, Taiwan | AO207: Lin, Jen-An Neil 林仁安 - 886-289116612 | AP207: =AVERAGEIF(df_arabica_clean[Country of Origin],df_arabica_clean[[#This Row],[Country of Origin]],df_arabica_clean[Total Cup Points]) -> 84.350328 | AQ207: =+COUNTIF(df_arabica_clean[Country of Origin],df_arabica_clean[[#This Row],[Country of Origin]]) -> 61
A208: 99 | B208: 99 | C208: Guatemala | D208: SAN RAFAEL URIAS VALDES | E208: AMNI-22-0905 | F208: BENEFICIO SANTA RITA, S. A. | G208: Asociación Nacional del Cafe | H208: 4895 | I208: =IF(df_arabica_clean[[#This Row],[Altitude]] <= 2500, df_arabica_clean[[#This Row],[Altitude]], ROUND(df_arabica_clean[[#This Row],[Altitude]] / 3.281, 0)) -> 1492 | J208: =IF(df_arabica_clean[[#This Row],[Altitude]]>2500,"Convertido","Original") -> Convertido | K208: ANTIGUA GUATEMALA | L208: VALBROS, S. A. | M208: 635 | N208: 30 kg | O208: Asociacion Nacional Del Café | P208: 2021 / 2022 | Q208: May 19th, 2022 | R208: Angelica Paola Citan Lopez | S208: Bourbon | T208: Completed | U208: Washed / Wet | V208: 7.58 | W208: 7.92 | X208: 7.5 | Y208: 7.67 | Z208: 7.75 | AA208: 7.67 | AB208: 10 | AC208: 10 | AD208: 10 | AE208: 7.75 | AF208: 83.83 | AG208: 10.9 | AH208: 0 | AI208: 1 | AJ208: greenish | AK208: 4 | AL208: May 19th, 2023 | AM208: Asociacion Nacional Del Café | AN208: 5a Calle 0-50, Zona 14 Guatemala City, Guatemala 1014 | AO208: Brayan Cifuentes - | AP208: =AVERAGEIF(df_arabica_clean[Country of Origin],df_arabica_clean[[#This Row],[Country of Origin]],df_arabica_clean[Total Cup Points]) -> 84.301429 | AQ208: =+COUNTIF(df_arabica_clean[Country of Origin],df_arabica_clean[[#This Row],[Country of Origin]]) -> 21

Sheet Tablas_Dinamicas 
B3: Etiquetas de fila | C3: Promedio de Promedio_TotalCup | D3: Cuenta de Muestras
B4: Guatemala | C4: 84.301429 | D4: 21
B5: Colombia | C5: 83.877368 | D5: 19
B6: Honduras | C6: 83.282308 | D6: 13
B7: Brazil | C7: 81.883 | D7: 10
B8: Costa Rica | C8: 83.74 | D8: 8
B9: Nicaragua | C9: 81.892857 | D9: 7
B10: El Salvador | C10: 81.532857 | D10: 7
B11: Peru | C11: 82.3325 | D11: 4
B12: Mexico | C12: 82.71 | D12: 4
B13: Panama | C13: 83.625 | D13: 2
B29: Promedio de Aroma | C29: Promedio de Flavor | D29: Promedio de Balance
B30: 7.7210628 | C30: 7.7447343 | D30: 7.644058

Sheet Info
A5: Ranking | B5: Pais | C5: Promedio_Cup | D5: Muestras | G5: COMPARACION DE ATRIBUTOS
A6: 1 | B6: =VLOOKUP('Tablas_Dinamicas '!B4,'Tablas_Dinamicas '!B3:D13,1,0) -> Guatemala | C6: ='Tablas_Dinamicas '!C4 -> 84.301429 | D6: ='Tablas_Dinamicas '!D4 -> 21 | G6: AROMA | H6: SABOR | I6: BALANCE
A7: 2 | B7: =VLOOKUP('Tablas_Dinamicas '!B5,'Tablas_Dinamicas '!B4:D14,1,0) -> Colombia | C7: ='Tablas_Dinamicas '!C5 -> 83.877368 | D7: ='Tablas_Dinamicas '!D5 -> 19 | G7: =GETPIVOTDATA("Promedio de Aroma",'Tablas_Dinamicas '!$B$29) -> 7.7210628 | H7: =GETPIVOTDATA("Promedio de Flavor",'Tablas_Dinamicas '!$B$29) -> 7.7447343 | I7: =GETPIVOTDATA("Promedio de Balance",'Tablas_Dinamicas '!$B$29) -> 7.644058
A8: 3 | B8: =VLOOKUP('Tablas_Dinamicas '!B6,'Tablas_Dinamicas '!B5:D15,1,0) -> Honduras | C8: ='Tablas_Dinamicas '!C6 -> 83.282308 | D8: ='Tablas_Dinamicas '!D6 -> 13
A9: 4 | B9: =VLOOKUP('Tablas_Dinamicas '!B7,'Tablas_Dinamicas '!B6:D16,1,0) -> Brazil | C9: ='Tablas_Dinamicas '!C7 -> 81.883 | D9: ='Tablas_Dinamicas '!D7 -> 10
A10: 5 | B10: =VLOOKUP('Tablas_Dinamicas '!B8,'Tablas_Dinamicas '!B7:D17,1,0) -> Costa Rica | C10: ='Tablas_Dinamicas '!C8 -> 83.74 | D10: ='Tablas_Dinamicas '!D8 -> 8
A11: 6 | B11: =VLOOKUP('Tablas_Dinamicas '!B9,'Tablas_Dinamicas '!B8:D18,1,0) -> Nicaragua | C11: ='Tablas_Dinamicas '!C9 -> 81.892857 | D11: ='Tablas_Dinamicas '!D9 -> 7
A12: 7 | B12: =VLOOKUP('Tablas_Dinamicas '!B10,'Tablas_Dinamicas '!B9:D19,1,0) -> El Salvador | C12: ='Tablas_Dinamicas '!C10 -> 81.532857 | D12: ='Tablas_Dinamicas '!D10 -> 7
A13: 8 | B13: =VLOOKUP('Tablas_Dinamicas '!B11,'Tablas_Dinamicas '!B10:D20,1,0) -> Peru | C13: ='Tablas_Dinamicas '!C11 -> 82.3325 | D13: ='Tablas_Dinamicas '!D11 -> 4
A14: 9 | B14: =VLOOKUP('Tablas_Dinamicas '!B12,'Tablas_Dinamicas '!B11:D21,1,0) -> Mexico | C14: ='Tablas_Dinamicas '!C12 -> 82.71 | D14: ='Tablas_Dinamicas '!D12 -> 4
A15: 10 | B15: =VLOOKUP('Tablas_Dinamicas '!B13,'Tablas_Dinamicas '!B12:D22,1,0) -> Panama | C15: ='Tablas_Dinamicas '!C13 -> 83.625 | D15: ='Tablas_Dinamicas '!D13 -> 2
A18: TOP 3 MEJORES CALIFICADOS
A19: =Tabla3[[#Headers],[Ranking]] -> Ranking | B19: =Tabla3[[#Headers],[Pais]] -> Pais | C19: =Tabla3[[#Headers],[Promedio_Cup]] -> Promedio_Cup | D19: =Tabla3[[#Headers],[Muestras]] -> Muestras
A20: =A6 -> 1 | B20: =VLOOKUP(A20,Tabla3[],2,0) -> Guatemala | C20: =VLOOKUP($A$20,Tabla3[],3,0) -> 84.301429 | D20: =VLOOKUP($A$20,Tabla3[],4,0) -> 21
A21: =A7 -> 2 | B21: =VLOOKUP($A$21,Tabla3[],2,0) -> Colombia | C21: =VLOOKUP($A$21,Tabla3[],3,0) -> 83.877368 | D21: =VLOOKUP($A$21,Tabla3[],4,0) -> 19
A22: =A8 -> 3 | B22: =VLOOKUP($A$22,Tabla3[],2,0) -> Honduras | C22: =VLOOKUP($A$22,Tabla3[],3,0) -> 83.282308 | D22: =VLOOKUP($A$22,Tabla3[],4,0) -> 13
A25: PUNTUACION MAS BAJA
A26: =Tabla3[[#Headers],[Ranking]] -> Ranking | B26: =Tabla3[[#Headers],[Pais]] -> Pais | C26: =Tabla3[[#Headers],[Promedio_Cup]] -> Promedio_Cup | D26: =Tabla3[[#Headers],[Muestras]] -> Muestras
A27: =A15 -> 10 | B27: =VLOOKUP($A$27,Tabla3[],2,0) -> Panama | C27: =VLOOKUP($A$27,Tabla3[],3,0) -> 83.625 | D27: =VLOOKUP($A$27,Tabla3[],4,0) -> 2
